id,categoryId
49527,NK009
49887,ND645
46451,ND645
46451,ND645
49886,ND645
1660,MP010SI
1632,MP021FR
1683,MP021FR
31692,NK232
1629,MP021FR
1745,MP021FR
1624,MP010SI
1626,MP010SI
1628,MP010SI
7501,MP021FR
45828,ND657
45884,ND657
45887,ND657
45890,ND657
45947,ND657
45886,ND657
44305,ND657
44308,ND657
45387,ND657
45388,ND657
45389,ND657
45390,ND657
45434,ND657
45498,ND657
1858,ND417
1852,ND417
1850,ND417
7413,ND417
7484,ND417
1817,ND417
1817,ND417
7177,ND417
38570,ND643
11149,ND417
50664,NA271
50663,NA271
25907,NM067
25907,NM067
25908,NM067
25908,NM067
17366,ND643
44349,ND567
47392,NJ077
47401,NJ077
47399,NJ077
46142,ND567
46148,ND567
46149,ND567
11114,ND567
11115,ND567
46147,ND567
2289,MP002SI
2298,MP002SI
12437,ND567
7334,ND567
46010,ND657
7507,MP021FR
31454,ND417
1786,ND417
13197,ND417
7283,ND417
1634,MP021FR
1773,ND417
7491,MP021FR
7468,MP021FR
46141,ND567
1717,MP021FR
7423,ND417
7441,NK009
7441,NK009
40059,ND568
40062,ND568
40061,ND568
8799,ND040
31771,NK232
1679,MP021FR
44968,ND432
14312,ND100
8841,ND159
50137,ND159
1642,MP021FR
30040,MP021FR
7503,MP021FR
1702,MP021FR
1742,MP010SI
41366,NK232
39897,NK232
39896,NK232
40679,NK232
39994,NK232
46004,ND657
46007,ND657
46009,ND657
46012,ND657
46013,ND657
46073,ND657
45556,ND657
45569,ND657
45570,ND657
45625,ND657
45773,ND657
1769,ND417
2085,ND643
7358,ND417
7279,ND417
7332,ND417
39662,NK232
22470,NF043
9521,ND159
33756,NK232
32283,NK232
32606,NK232
33204,NK232
32605,NK232
33216,NK232
33217,NK232
32607,NK232
33196,NK232
33197,NK232
36356,NK232
33146,NK232
1743,MP021FR
7509,MP021FR
48727,ND643
13374,MP021FR
13380,MP021FR
13378,MP021FR
39819,NK232
33414,NK232
46206,ND657
46209,ND657
46210,ND657
46207,ND657
33392,NK232
14104,ND417
14102,ND417
14002,ND417
33266,NK232
12602,ND643
32396,NK232
32794,NK232
13195,MP021FR
14649,MP021FR
37546,ND289
17362,ND512
17354,ND512
45092,ND040
13201,MP021FR
20563,MP021FR
18895,ND417
17399,ND417
17396,ND417
19010,ND417
18899,ND417
17392,ND417
17822,ND417
17816,ND417
18917,ND417
18915,ND417
17818,ND417
17820,ND417
18984,ND417
17398,ND417
7499,MP021FR
14163,ND085
33355,NK232
30399,MP021FR
33779,NK232
23928,MP021FR
23825,MP021FR
13982,NK009
35387,NK232
35388,NK232
24115,ND417
22451,ND417
24178,ND417
40060,ND568
42241,ND574
42240,ND574
42491,ND567
31500,ND567
24425,ND567
24423,ND567
24459,ND567
24461,ND567
26342,NK198
33778,NK232
35324,NK232
25403,NK232
25409,NK232
25415,NK232
25419,NK232
25391,NK232
25393,NK232
25395,NK232
25397,NK232
25421,NK232
25399,NK232
24463,ND567
24465,ND567
25659,NK232
25657,NK232
25655,NK232
25847,NK232
25911,NK232
25922,NK232
25924,NK232
35325,NK232
26414,NK232
40373,NK232
35326,NK232
26396,NK232
26392,NK009
26392,NK009
26394,NK009
26394,NK009
26412,NK009
26412,NK009
26404,NK009
26221,MP021FR
26769,ND645
27355,ND417
26275,ND417
26974,MP021FR
22474,NF043
22476,NF043
26972,MP021FR
27435,MP021FR
26978,MP021FR
26976,MP021FR
26980,MP021FR
26986,MP021FR
26988,MP021FR
27654,MP021FR
26982,MP021FR
24384,ND417
24113,ND417
24378,ND417
24386,ND417
24382,ND417
24380,ND417
24374,ND417
24376,ND417
22576,ND417
22576,ND417
28195,MP021FR
31223,MP021FR
29035,MP021FR
29033,MP021FR
29348,NK232
29045,NK232
26773,NK232
26964,MP021FR
26996,ND417
26994,ND417
33318,NK232
36696,NK232
30434,MP021FR
29273,MP021FR
31477,MP021FR
29952,MP021FR
30028,MP021FR
30011,NK232
30016,NK232
30012,NK232
30027,NK232
30037,NK232
30374,MP021FR
29727,MP021FR
29270,MP021FR
29789,NK232
30015,ND417
42487,ND567
42486,ND567
42239,ND574
29326,ND567
29329,ND567
29331,ND567
29333,ND567
29335,ND567
29337,ND567
30741,MP021FR
29753,NK009
30330,NK106
30330,NK106
29752,NK009
29752,NK009
30283,NK009
30283,NK009
29748,NK009
29748,NK009
32020,NK232
32021,NK232
32019,NK232
32022,NK232
32505,NK232
30064,NK232
31518,NK232
31613,NK232
31612,NK232
31526,NK232
31527,NK232
31528,NK232
33246,NK232
30082,NK232
30062,NK232
30083,NK232
30084,NK232
30068,NK232
30065,NK232
30066,NK232
30067,NK232
30099,NK232
30100,NK232
30074,NK232
30075,NK232
30091,NK232
30352,NK232
30353,NK232
31040,NK232
31039,NK232
30274,ND417
30338,ND417
30108,NK232
30400,NK232
30402,NK232
30401,NK232
30214,NK232
30215,NK232
30216,NK232
30200,NK232
30201,NK232
42494,ND568
30329,ND417
30202,NK232
30176,NK232
30177,NK232
30269,ND417
29268,ND417
30284,ND417
29340,ND417
30132,NK232
30133,NK232
30156,NK232
30564,NK232
30566,NK232
30565,NK232
30567,NK232
30568,NK232
30569,NK232
30422,NK232
30423,NK232
30736,NK232
30415,NK232
30416,NK232
30417,NK232
30419,NK232
30418,NK232
31503,NK232
30514,NK232
30512,NK232
31941,NK232
31942,NK232
32504,NK232
31940,NK232
33247,NK232
31614,MP021FR
31618,MP021FR
29619,MP021FR
43536,ND643
29621,MP002SI
33248,NK232
17842,MP021FR
48375,ND567
35857,ND417
27016,ND417
26217,ND417
26219,ND417
29266,ND417
30808,MP002SI
30807,MP002SI
30806,MP002SI
30375,MP002SI
30769,MP021FR
31219,MP021FR
33236,MP021FR
30745,MP021FR
33250,MP021FR
30749,MP021FR
30030,ND417
29989,ND417
30349,ND417
31463,ND417
31462,ND417
29975,ND417
29041,MP021FR
30378,MP021FR
31501,ND574
30762,ND567
30764,ND567
30763,ND567
31443,MP021FR
31444,MP021FR
31446,MP021FR
31447,MP021FR
33534,ND567
33535,ND567
33536,ND567
33537,ND567
33538,ND567
33539,ND567
33540,ND567
45013,ND567
45014,ND567
45015,ND567
45016,ND567
33689,ND567
33695,ND567
33697,ND567
33696,ND567
46270,ND657
46269,ND657
46268,ND657
46267,ND657
46266,ND657
46008,ND657
46006,ND657
46005,ND657
46003,ND657
45948,ND657
28883,NK126
31460,ND417
32601,MP021FR
32608,MP021FR
32418,ND417
31455,ND417
33427,ND567
33428,ND567
32024,ND567
32025,ND567
32026,ND567
32028,ND567
36695,NK232
36354,NK232
36371,NK232
36582,NK232
36583,NK232
33415,NK232
32789,NK232
32793,NK232
33658,NK232
33660,NK232
32614,NK232
36848,NK232
36452,NK232
33664,NK232
34078,NK232
35304,NK232
33783,NK232
33754,NK232
33755,NK232
35316,NK232
36264,NK232
36263,NK232
36265,NK232
36370,NK232
36368,NK232
33781,NK232
33784,NK232
33776,NK232
33777,NK232
36353,NK232
33262,NK232
33263,NK232
33264,NK232
33265,NK232
33298,NK232
33316,NK232
33315,NK232
33219,NK232
33218,NK232
33583,NK232
33281,NK232
33394,NK232
33396,NK232
33561,NK232
36373,NK232
32604,ND417
32613,ND417
32612,ND417
33661,ND417
32506,ND417
42754,ND417
33659,ND417
32176,ND417
32278,ND417
35384,ND417
33684,ND567
33685,ND567
33686,ND567
32027,ND567
32503,ND567
35310,ND512
35308,ND512
39971,NK232
35309,ND512
33254,MP021FR
32609,ND417
33731,MP021FR
33676,ND417
33693,ND417
36669,ND567
36581,ND567
36670,ND567
36584,ND567
42230,ND574
36674,ND574
35487,ND417
35489,NK009
35317,NK009
35318,NK009
35385,ND417
49904,NK239
49903,NK239
37614,NK232
37614,NK232
37615,NK232
37615,NK232
37616,NK232
37616,NK232
37631,NK232
37631,NK232
37632,NK232
37632,NK232
37633,NK232
37633,NK232
37634,NK232
37634,NK232
37644,NK232
37644,NK232
37643,NK232
37643,NK232
37635,NK232
37635,NK232
37636,NK232
37636,NK232
37645,NK232
37645,NK232
37627,NK232
37627,NK232
37629,NK232
37629,NK232
37628,NK232
37628,NK232
37651,NK232
36845,NK232
36846,NK232
36716,NK232
36715,NK232
36720,NK232
36718,NK232
37775,NK232
37569,NK232
37778,NK232
37780,NK232
37777,NK232
37779,NK232
37772,NK232
37773,NK232
37770,NK232
37771,NK232
37792,NK232
37791,NK232
37774,NK232
37263,NK233
49706,NK232
49707,NK232
36880,NK232
36881,NK232
37178,NK232
37179,NK232
37006,NK232
37007,NK232
36978,NK232
36979,NK232
44846,NK232
44847,NK232
37023,NK232
37024,NK232
37039,NK232
37040,NK232
37014,NK232
36976,NK232
36717,NK232
37574,NK232
36822,NK232
36878,NK232
37015,NK232
37016,NK232
37817,NK232
37573,NK232
37719,NK232
37017,NK232
37019,NK232
37021,NK232
37020,NK232
37013,NK232
37154,NK232
37153,NK232
37165,NK232
37164,NK232
37641,NK232
37151,NK232
37010,NK232
37088,NK232
37089,NK232
37090,NK232
37726,NK232
37905,NK232
37724,NK232
37656,NK232
37608,NK232
37577,NK232
37730,NK232
37720,NK232
37721,NK232
37647,NK232
37646,NK232
37648,NK232
37642,NK232
37722,NK232
37575,NK232
37717,NK232
37718,NK232
37818,NK232
37042,NK232
37657,NK232
37423,NK232
37790,NK232
37723,NK232
37655,NK232
37596,NK232
37639,NK232
36719,NK232
37009,NK232
32791,ND230
32790,ND230
23142,ND230
22950,ND230
31551,NK111
31551,NK111
31542,NK239
31598,NK009
31598,NK009
31599,NK009
31599,NK009
31572,NK009
31572,NK009
30282,NK009
30282,NK009
30280,NK009
30280,NK009
37759,MP021FR
36865,MP021FR
36862,MP021FR
36883,MP021FR
36779,MP021FR
37476,ND417
37474,ND417
37475,ND417
37472,ND417
37479,ND417
39430,NK232
39433,NK232
37416,NK232
37420,NK232
39016,NK232
39021,NK232
39015,NK232
39022,NK232
37618,NK232
37638,NK232
39023,NK232
39017,NK232
39019,NK232
37623,NK232
37422,NK232
37640,NK232
37624,NK232
37912,ND417
37963,ND417
37481,NK009
37970,ND417
37971,ND417
37870,ND417
37976,ND417
37999,ND417
37977,ND417
37984,ND417
37983,ND417
37974,ND417
37327,ND417
40355,NK232
37018,MP021FR
37658,NK232
37819,NK232
37542,MP021FR
37543,MP021FR
37540,MP021FR
37473,MP021FR
37762,MP021FR
37477,MP021FR
37766,MP021FR
37536,MP021FR
37986,ND417
37960,ND417
37425,ND417
37567,ND417
38035,MP021FR
38033,MP021FR
38034,MP021FR
37767,MP021FR
37768,MP021FR
37769,MP021FR
37981,MP021FR
37424,ND417
46410,ND568
46411,ND568
38014,ND574
38020,ND574
38574,ND566
38575,ND566
50540,ND289
37464,ND179
39025,ND566
39024,ND566
39375,ND512
38966,ND574
47298,ND566
47296,ND566
47297,ND566
38938,ND567
38939,ND567
38940,ND567
38948,ND567
42233,ND567
36686,NK009
36686,NK009
39099,ND417
37465,ND100
45766,ND657
45767,ND657
45768,ND657
45769,ND657
39202,MP021FR
45883,ND657
45885,ND657
45888,ND657
38949,ND567
38950,ND567
38951,ND567
39018,ND567
40367,NK232
40380,NK232
39883,NK232
40369,NK232
39880,NK232
39882,NK232
40372,NK232
39881,NK232
39663,NK232
39592,NK232
39764,NK232
39591,NK232
41086,NK232
41087,NK232
41088,NK232
41089,NK232
41090,NK232
41091,NK232
40356,NK232
40358,NK232
40360,NK232
41646,NK232
41647,NK232
41650,NK232
41657,NK232
41653,NK232
40673,NK232
39964,NK232
39963,NK232
39962,NK232
40019,NK232
40020,NK232
39590,NK232
39544,NK232
39538,NK232
39537,NK232
39370,NK232
41313,NK232
39372,NK232
39539,NK232
39578,NK232
39741,NK232
39744,NK232
41915,NK232
41914,NK232
41913,NK232
41911,NK232
39573,NK232
39576,NK232
39574,NK232
39557,NK232
39575,NK232
39588,NK232
40722,NK232
40855,NK232
41658,NK232
40862,NK232
40865,NK232
40856,NK232
40864,NK232
39793,NK232
39760,NK232
39761,NK232
39762,NK232
39763,NK232
40379,NK232
40378,NK232
40374,NK232
39364,NK232
39363,NK232
40349,NK232
40353,NK232
39821,NK232
39877,NK232
39876,NK232
39878,NK232
39879,NK232
39977,NK232
41917,NK232
41916,NK232
41096,NK232
39593,NK232
39974,NK232
39655,NK232
39656,NK232
39657,NK232
39661,NK232
39659,NK232
39872,NK232
39873,NK232
39871,NK232
39874,NK232
39875,NK232
39870,NK232
40022,NK232
39750,NK232
39749,NK232
39867,NK232
39866,NK232
39869,NK232
41623,NK232
39650,NK232
39648,NK232
39645,NK232
39646,NK232
39647,NK232
39644,NK232
39928,NK232
39927,NK232
39926,NK232
39765,NK232
42298,NK232
42299,NK232
39975,NK232
39993,NK232
39992,NK232
41070,NK232
41069,NK232
40966,NK232
40680,NK232
40902,NK232
40678,NK232
39973,NK232
39976,NK232
39983,NK232
39981,NK232
39982,NK232
39611,NK232
39785,NK232
39803,NK232
39804,NK232
39784,NK232
39868,NK232
41359,NK232
42984,NK232
41092,NK232
39752,NK232
39641,NK232
49703,NK232
49702,NK232
49701,NK232
39772,NK232
39972,NK232
39651,NK232
39987,NK232
39988,NK232
41627,NK232
40354,NK232
39979,NK232
40919,NK232
39799,NK232
39800,NK232
39818,NK232
39805,NK232
39814,NK232
39996,NK232
39995,NK232
39991,NK232
39757,NK232
39756,NK232
39754,NK232
39755,NK232
39865,NK232
39820,NK232
39863,NK232
39862,NK232
39759,NK232
39853,NK232
39855,NK232
39854,NK232
39374,MP021FR
50655,ND566
50656,ND566
39097,ND574
41659,NK232
39781,ND417
39779,ND417
39782,ND417
39780,ND417
39795,ND417
39594,ND417
39740,NK232
43245,ND568
39580,ND574
50049,NA070
50138,NA070
50181,NA070
45059,ND100
42302,NK232
42303,NK232
42398,NK232
39985,NK232
39980,NK232
39642,NK232
39653,NK232
39643,NK232
40359,NK232
40691,NK232
40820,NK232
40357,NK232
40365,NK232
40361,NK232
40909,NK232
40869,NK232
39798,NK232
39797,NK232
40878,NK232
40879,NK232
39615,NK232
39614,NK232
39612,NK232
39613,NK232
39652,NK232
39654,NK232
42292,NK232
42293,NK232
42294,NK232
42295,NK232
39794,NK232
40066,ND568
40065,ND568
40064,ND568
40063,ND568
40070,ND568
40067,ND568
40068,ND568
40069,ND568
39586,MP021FR
41605,MP021FR
49056,MP021FR
40657,MP021FR
39850,MP021FR
39720,MP021FR
40676,ND230
23128,ND230
40559,ND230
43741,ND230
41610,ND230
40585,ND230
39777,MP021FR
39775,MP021FR
39776,MP021FR
39774,MP021FR
39640,ND574
42227,ND574
42490,ND574
42489,ND574
42488,ND574
39639,MP002SI
39638,MP002SI
39745,ND567
42285,NK232
42287,NK232
42286,NK232
42284,NK232
42283,NK232
42281,NK232
42280,NK232
42279,NK232
40922,NK232
39969,NK232
39801,NK232
39802,NK232
39990,NK232
39989,NK232
41077,NK232
39968,NK232
39966,NK232
41365,NK232
41920,ND645
39200,NK005
39849,MP021FR
39723,MP021FR
42277,NK232
42275,NK232
42419,NK232
42296,NK232
42297,NK232
39965,MP021FR
39851,MP021FR
39852,MP021FR
40257,MP021FR
40071,MP021FR
41604,MP021FR
41704,MP021FR
41705,MP021FR
41602,MP021FR
41600,MP021FR
41603,MP021FR
39379,ND512
39380,ND512
39390,NK232
39391,NK232
39392,NK232
39393,NK232
39394,NK232
39405,NK239
41595,MP021FR
41601,MP021FR
39418,NK009
39418,NK009
39419,NK009
39419,NK009
40366,MP021FR
40368,MP021FR
40261,MP021FR
40655,ND417
40654,ND417
41747,ND417
41897,ND417
41939,ND417
41745,ND417
41665,ND417
41666,ND417
41743,ND417
39585,NK009
41967,ND512
41606,MP021FR
41607,MP021FR
41899,ND643
41702,MP021FR
41938,MP021FR
41937,MP021FR
41936,MP021FR
41648,ND417
39786,NK009
39786,NK009
45765,ND657
45554,ND657
45555,ND657
45557,ND657
45629,ND657
45630,ND657
42795,ND417
42788,ND417
43325,ND417
42796,ND417
41833,ND417
42202,ND417
41717,ND417
41667,ND417
42203,ND417
41711,MP021FR
41727,MP021FR
42273,MP021FR
40265,ND289
40313,ND289
41725,MP021FR
40315,ND289
40316,ND289
41912,MP021FR
42041,MP021FR
40347,NK111
40347,NK111
39412,ND567
40528,ND230
40529,ND230
35292,NK009
44001,ND417
43996,ND417
44000,ND417
42800,ND417
42801,ND417
43202,ND417
42785,ND417
42509,ND417
40569,ND230
41622,ND230
41954,MP021FR
42247,MP021FR
42434,MP021FR
42244,MP021FR
40593,ND230
42238,ND568
40481,ND230
42720,NK232
42733,NK232
42731,NK232
42755,NK232
42726,NK232
42757,NK232
42756,NK232
42723,NK232
43079,NK232
43537,NK232
42744,NK232
42721,NK232
42722,NK232
42727,NK232
42730,NK232
42750,NK232
43125,NK232
44374,NK232
44373,NK232
44013,NK232
43179,NK232
43170,NK232
43581,NK232
43719,NK232
44397,NK232
43725,NK232
43171,NK232
43173,NK232
44395,NK232
44396,NK232
43991,NK232
44413,NK232
44409,NK232
44410,NK232
44411,NK232
43169,NK232
43166,NK232
43519,NK232
43180,NK232
43181,NK232
43182,NK232
43148,NK232
43146,NK232
43034,NK232
43029,NK232
43048,NK232
44073,NK232
44072,NK232
44071,NK232
44204,NK232
44205,NK232
44206,NK232
44831,NK232
44399,NK232
44399,NK232
44398,NK232
44398,NK232
44400,NK232
44400,NK232
44405,NK232
44406,NK232
44406,NK232
44407,NK232
44407,NK232
43020,NK232
43021,NK232
43021,NK232
43022,NK232
43022,NK232
44434,NK232
44434,NK232
44433,NK232
44433,NK232
44435,NK232
44435,NK232
44950,NK232
44950,NK232
44949,NK232
44949,NK232
43023,NK232
43023,NK232
43024,NK232
43024,NK232
43025,NK232
43025,NK232
44402,NK232
44403,NK232
43522,NK232
43523,NK232
43111,NK232
43163,NK232
43520,NK232
43521,NK232
43110,NK232
43114,NK232
43117,NK232
43118,NK232
43140,NK232
43142,NK232
43120,NK232
43119,NK232
39664,NK232
43143,NK232
43141,NK232
43126,NK232
43127,NK232
43124,NK232
43128,NK232
43121,NK232
43122,NK232
43123,NK232
43075,NK232
43073,NK232
43095,NK232
43072,NK232
43515,NK232
42715,NK232
42748,NK232
42717,NK232
43132,NK232
43130,NK232
43145,NK232
44401,NK232
43147,NK232
43131,NK232
43516,NK232
43201,NK232
43031,NK232
43030,NK232
43033,NK232
43032,NK232
43139,NK232
43165,NK232
44638,NK232
43027,NK232
43026,NK232
43054,NK232
43532,NK232
44836,NK232
43195,NK232
43200,NK232
43535,NK232
43231,NK232
43533,NK232
44585,NK232
44059,NK232
44432,NK232
44058,NK232
44436,NK232
44394,NK232
44393,NK232
43583,NK232
43584,NK232
43511,NK232
43512,NK232
43524,NK232
43525,NK232
43199,NK232
44346,NK232
44007,NK232
44639,NK232
44390,NK232
44832,NK232
43194,NK232
43514,NK232
43518,NK232
43167,NK232
43108,NK232
43040,NK232
43109,NK232
43197,NK232
43198,NK232
43144,NK232
43162,NK232
43177,NK232
44858,NK232
44392,NK232
44404,NK232
43045,NK232
43232,NK232
43517,NK232
42016,MP021FR
42290,MP021FR
42017,MP021FR
42040,MP021FR
42278,MP021FR
41969,MP021FR
41970,MP021FR
42282,MP021FR
42402,ND417
42405,ND417
42403,ND417
42404,ND417
42549,ND417
42834,ND417
42310,ND568
42437,ND567
50028,NK232
42774,ND568
42775,ND568
42777,ND568
42778,ND568
42779,ND568
43037,MP021FR
43168,NK232
43129,NK232
43078,NK232
43028,NK232
43233,NK232
43230,NK232
43582,NK232
44345,NK232
44841,NK232
43529,NK232
43238,NK232
41714,NK111
41714,NK111
44600,NK232
43196,NK232
43527,NK232
43530,NK232
43531,NK232
44378,NK232
43174,NK232
43175,NK232
43164,NK232
44391,NK232
42896,ND417
42897,ND417
42508,ND417
42752,ND417
42751,ND417
42832,ND417
42831,ND417
42753,ND417
33665,ND417
42833,ND417
43229,ND417
42835,ND417
41968,NK005
42877,ND567
42879,ND567
42894,MP021FR
42893,MP021FR
42867,MP021FR
42561,MP021FR
42498,MP021FR
42500,MP021FR
42504,MP021FR
39377,NK232
37626,NK232
40072,NK005
38188,NK005
42873,MP021FR
42276,MP021FR
47313,NK232
44884,NK232
45082,NK232
42475,NA070
42481,MP021FR
42945,MP021FR
42749,MP021FR
42763,MP021FR
42921,MP021FR
43187,ND643
42972,ND643
42948,ND643
42562,ND643
42866,ND643
42989,MP021FR
42988,MP021FR
42898,MP021FR
42900,MP021FR
42919,ND643
42994,ND643
42746,ND100
42738,ND100
42739,ND100
42735,ND100
43096,MP021FR
42974,MP021FR
42740,ND100
42745,ND100
44872,NK232
42996,ND574
42768,ND100
42770,ND100
43107,MP021FR
45429,ND657
45430,ND657
45432,ND657
45400,ND657
43019,MP021FR
43151,MP021FR
38645,NK009
42762,MP021FR
43366,MP021FR
43347,MP021FR
42995,MP021FR
43003,MP021FR
43002,MP021FR
44412,ND643
43053,ND417
44675,ND417
43550,ND417
44671,ND417
43277,ND417
41719,ND512
33562,ND645
42236,ND568
43183,MP021FR
43540,MP021FR
43538,MP021FR
44667,ND643
44366,MP021FR
44666,ND643
44363,MP021FR
43833,ND566
43834,ND566
43539,MP021FR
40341,NK239
43732,ND568
43729,ND568
43730,ND568
42862,MP021FR
42863,MP021FR
44335,MP021FR
38224,ND289
38226,ND289
38281,ND289
43240,MP021FR
43588,NK009
44347,NK009
44358,NK009
44357,NK009
44359,NK009
43937,NK009
43999,NK009
43837,NK009
43933,NK009
43992,NK009
44361,NK009
44360,NK009
44362,NK009
43929,NK009
43835,NK009
44676,NK009
46265,ND657
39690,NK239
45946,ND657
46204,ND657
41958,NK111
41958,NK111
36777,NK009
43623,NK009
45499,ND657
45567,ND657
45627,ND657
45631,ND657
43136,NK126
45626,ND657
45497,ND657
43186,EB005
41720,ND512
41723,ND512
41966,ND512
43242,ND040
43244,ND040
43251,ND417
44586,ND417
44588,ND417
44587,ND417
44637,ND417
44594,ND417
44590,ND417
44640,ND417
44605,ND417
44606,ND417
44644,ND417
44634,ND417
44597,ND417
44599,ND417
44641,ND417
44636,ND417
44608,ND417
44602,ND417
44593,ND417
44649,ND417
44607,ND417
44592,ND417
44630,ND417
44609,ND417
44598,ND417
44591,ND417
44645,ND417
44648,ND417
44589,ND417
44596,ND417
44595,ND417
44604,ND417
44603,ND417
44642,ND417
44610,ND417
44632,ND417
44663,ND417
44633,ND417
44655,ND417
44656,ND417
44612,ND417
44635,ND417
44611,ND417
44664,ND417
44616,ND417
44646,ND417
44620,ND417
44627,ND417
44647,ND417
44629,ND417
44615,ND417
44665,ND417
44651,ND417
44617,ND417
44661,ND417
44623,ND417
44621,ND417
44658,ND417
44613,ND417
44626,ND417
44614,ND417
44631,ND417
44657,ND417
44618,ND417
44625,ND417
44619,ND417
44659,ND417
44624,ND417
44622,ND417
44653,ND417
44660,ND417
44583,ND417
44582,ND417
44584,ND417
44472,ND417
44471,ND417
44473,ND417
44470,ND417
46441,MP021FR
44824,ND417
44933,ND417
44866,ND417
44822,ND417
44869,ND417
44821,ND417
45063,ND417
45061,ND417
45064,ND417
44952,ND417
44941,ND417
44951,ND417
44920,ND417
44919,ND417
44918,ND417
44654,MP021FR
44371,MP021FR
44914,ND417
44905,ND417
44908,ND417
44913,ND417
44906,ND417
44909,ND417
45277,ND417
44955,ND417
45276,ND417
45062,ND417
44943,ND417
44953,ND417
44375,ND417
44376,ND417
44825,ND417
44870,ND417
44917,ND417
44916,ND417
44954,ND417
44823,ND417
44819,ND417
45255,ND417
44915,ND417
45269,ND417
45270,ND417
45271,ND417
45275,ND417
44829,ND643
44670,MP021FR
44672,MP021FR
44673,MP021FR
44669,MP021FR
44668,ND417
44987,ND417
44985,ND417
44986,ND417
44984,ND417
45031,ND417
45021,ND417
45007,ND417
45006,ND417
45001,ND417
45004,ND417
45005,ND417
45025,ND417
45026,ND417
45024,ND417
44999,ND417
44995,ND417
45047,ND417
44992,ND417
44991,ND417
45048,ND417
44998,ND417
44990,ND417
45050,ND417
44989,ND417
44988,ND417
45046,ND417
45037,ND417
45033,ND417
45034,ND417
45032,ND417
45039,ND417
45040,ND417
45044,ND417
45020,ND417
45019,ND417
45042,ND417
45035,ND417
45036,ND417
45043,ND417
45022,ND417
45023,ND417
45018,ND417
45017,ND417
45058,ND417
45060,ND417
45002,ND417
44996,ND417
44997,ND417
44994,ND417
44993,ND417
45053,ND417
45051,ND417
45052,ND417
45030,ND417
45029,ND417
45028,ND417
45057,ND417
45054,ND417
43612,ND230
32593,ND230
43617,ND230
43619,ND230
44833,NK232
44837,NK232
44839,NK232
44830,NK232
44835,NK232
44834,NK232
46280,NK232
44942,NK232
44929,NK232
45090,NK232
44902,NK232
44903,NK232
44897,NK232
44898,NK232
44927,NK232
44928,NK232
44926,NK232
46328,NK232
45091,NK232
44940,NK232
44891,NK232
44892,NK232
46341,NK232
46340,NK232
44939,NK232
44938,NK232
48387,NK232
44855,NK232
44853,NK232
44935,NK232
45088,NK232
45087,NK232
44893,NK232
44867,NK232
44894,NK232
44921,NK232
44936,NK232
45083,NK232
44934,NK232
45081,NK232
44857,NK232
44848,NK232
44828,NK232
46337,NK232
44856,NK232
45085,NK232
45084,NK232
45089,NK232
45086,NK232
46453,NK232
46465,NK232
46457,NK232
44937,NK232
44862,NK232
44864,NK232
44868,NK232
44871,NK232
44874,NK232
44876,NK232
44873,NK232
44875,NK232
44877,NK232
44878,NK232
44879,NK232
44880,NK232
44881,NK232
44882,NK232
44886,NK232
44890,NK232
43645,ND230
43640,ND230
43646,ND230
43663,NK009
43665,NK009
43668,NK009
43669,NK009
43671,NK009
43673,NK009
43660,NK009
43662,NK009
43661,NK009
43935,NK009
43681,ND230
43689,ND230
43683,ND230
43688,ND230
43680,ND230
43717,ND230
43684,ND230
43653,ND230
43654,ND230
43685,ND230
43659,ND230
43658,ND230
43672,ND230
43678,ND230
43710,ND230
43711,ND230
43712,ND230
43713,ND230
43691,ND230
43698,ND230
40530,ND230
43682,ND230
43704,ND230
43651,ND230
43926,NK009
43709,ND230
43714,ND230
43715,ND230
43614,ND230
43652,ND230
43622,ND230
43635,ND230
40662,ND230
43611,ND230
43608,ND230
43589,ND230
43554,ND230
43587,ND230
43586,ND230
43603,ND185
43624,ND230
41597,ND230
43618,ND230
41599,ND230
43726,ND230
40674,ND230
43627,ND230
43625,ND230
40677,ND230
43699,ND230
43697,ND230
43695,ND230
43694,ND230
43693,ND230
43692,ND230
43650,ND230
43649,ND230
43701,ND230
43702,ND230
43705,ND230
43708,ND230
43721,ND230
43722,ND230
43724,ND230
43723,ND185
43731,ND230
43734,ND230
43735,ND230
32786,ND230
43728,ND230
23157,ND230
43737,ND230
43736,ND230
43738,ND230
43727,ND230
43740,ND230
43696,ND230
41670,NM067
41670,NM067
41672,NM067
41672,NM067
41674,NM067
41674,NM067
43742,ND230
24999,ND230
24870,ND230
43743,ND230
32595,ND230
43785,ND230
43786,ND230
43706,ND230
43616,ND230
43918,NM058
43922,NM058
43875,NM058
43878,NM058
43886,NM058
43842,NM058
43845,NM058
43908,NM058
43912,NM058
43864,NM058
43867,NM058
43896,NM058
43853,NM058
43940,ND230
43956,NM058
43956,NM058
43941,ND230
43989,ND230
43994,ND230
44004,ND230
44005,ND230
44006,ND230
44011,ND230
44012,ND230
44826,ND567
44202,ND417
44202,ND417
44201,ND417
44201,ND417
44197,ND417
44197,ND417
44200,ND417
44200,ND417
44199,ND417
44199,ND417
44198,ND417
44198,ND417
44203,ND417
44203,ND417
44195,ND417
44195,ND417
44194,ND417
44194,ND417
44911,ND417
44910,ND417
44888,ND417
44887,ND417
44912,ND417
44904,ND417
44896,ND417
44895,ND417
44899,ND417
44901,ND417
44925,ND417
44923,ND417
44922,ND417
44196,ND417
44196,ND417
40576,ND230
40588,ND230
40587,ND230
44327,ND230
43986,ND230
44329,ND230
44330,ND230
44331,ND230
44336,ND230
44337,ND230
44339,ND230
44342,ND230
44343,ND230
46745,NK232
46747,NK232
49136,NK232
46466,NK232
46468,NK232
45096,NK232
46454,NK232
45095,NK232
45094,NK232
46459,NK232
46460,NK232
49709,NK232
46462,NK232
46463,NK232
45290,NK232
45291,NK232
45292,NK232
45287,NK232
45254,NK232
45103,NK232
45093,NK232
45286,NK232
46470,NK232
50073,NK232
45041,ND417
45049,ND417
45045,ND417
45038,ND417
30457,NK009
44354,ND230
44355,ND230
44356,ND230
44368,NJ077
44370,NK111
40081,ND230
40075,ND230
40078,ND230
40074,ND230
40079,ND230
40343,NK239
40345,NK239
40344,NK239
40335,NK239
50284,NK232
44930,NK232
43161,NK232
45066,ND417
47402,MP002SI
45303,MP002SI
45304,MP002SI
45300,MP002SI
45301,MP002SI
45263,ND643
45266,ND643
45265,ND643
46427,ND417
46426,ND417
46425,ND417
45633,MP021FR
45322,MP021FR
48732,ND417
48731,ND417
48877,ND417
48876,ND417
47609,ND417
47607,ND417
45272,ND417
45274,ND417
46281,ND645
46145,MP021FR
46329,MP021FR
45431,MP021FR
45306,MP021FR
46334,NK009
45323,MP021FR
46438,MP021FR
45324,MP021FR
48878,NK009
49010,NK009
49009,NK009
46472,ND417
46473,ND417
47614,ND417
48726,ND417
46486,ND417
46452,ND417
46423,ND417
46419,ND417
46331,ND417
46330,ND417
46332,ND417
46422,ND417
46471,ND417
47621,NK009
45278,"EA006"
45278,"EA006"
45280,"EA006"
45280,"EA006"
45279,"EA006"
45279,"EA006"
45298,"EA006"
45298,"EA006"
45299,"EA006"
45299,"EA006"
45297,"EA006"
45297,"EA006"
45289,"EA006"
45289,"EA006"
45288,"EA006"
45288,"EA006"
45282,"EA006"
45282,"EA006"
45281,"EA006"
45281,"EA006"
45283,"EA006"
45283,"EA006"
45328,ND417
45328,ND417
45330,ND417
45330,ND417
45327,ND417
45327,ND417
45326,ND417
45326,ND417
45325,"EA006"
45325,"EA006"
46144,"EA006"
46144,"EA006"
46348,"EA006"
46348,"EA006"
46412,"EA006"
46412,"EA006"
46413,"EA006"
46413,"EA006"
45331,ND417
45331,ND417
46443,"EA006"
46443,"EA006"
46415,"EA006
"
46415,"EA006"
46414,"EA006"
46414,"EA006"
46416,"EA006"
46416,"EA006"
47654,ND657
47655,ND657
47656,ND657
47650,ND657
47649,ND657
47648,ND657
47647,ND657
49006,ND657
49005,ND657
49003,ND657
46397,"EA006"
46397,"EA006"
46449,ND417
46450,ND417
46448,ND417
48061,MP021FR
48054,MP021FR
50040,MP021FR
50037,MP021FR
46431,ND643
39376,NK232
45078,"EA006"
45078,"EA006"
45080,"EA006"
45080,"EA006"
45079,"EA006"
45079,"EA006"
46430,MP021FR
46432,MP021FR
46433,MP021FR
46436,MP021FR
46439,MP021FR
47695,MP021FR
47697,ND643
45256,ND040
45259,ND040
45268,NK232
48837,ND417
49014,ND417
48779,ND417
47613,ND417
48763,ND417
48756,ND417
48764,ND417
48752,ND417
47606,ND417
47477,ND417
47476,ND417
47610,ND417
48753,ND417
48751,ND417
47605,ND417
47618,ND417
47611,ND417
47615,NK009
47615,NK009
9206,NK009
9206,NK009
48730,NK009
48730,NK009
48728,EA052
48728,EA052
45305,NK009
45302,MP021FR
47478,MP021FR
48046,MP021FR
48055,MP021FR
49196,ND574
49197,ND574
49198,ND574
48872,ND574
48866,ND574
48869,ND574
49022,MP021FR
48389,MP021FR
47794,MP021FR
48377,MP021FR
47719,ND567
47720,ND567
49376,MP021FR
49125,ND417
47988,MP021FR
47986,MP021FR
49004,ND417
49007,ND417
49008,ND417
41721,ND512
49309,ND567
49310,ND567
49311,ND567
49312,ND567
49313,ND567
49314,ND567
49142,ND567
49143,ND567
49341,ND567
49308,ND567
49307,ND567
49306,ND567
49305,ND567
49304,ND567
49298,ND567
49129,ND567
49128,ND567
49340,ND567
47665,NM058
47665,NM058
47667,NM058
47667,NM058
47669,NM058
47669,NM058
47676,NM058
47676,NM058
47678,NM058
47678,NM058
47680,NM058
47680,NM058
48735,ND574
48841,ND574
47100,NM058
47100,NM058
47104,NM058
47104,NM058
47126,NM058
47126,NM058
47122,NM058
47122,NM058
47181,NM067
47330,NM065
47331,NM065
47335,NM065
47337,NM065
47338,NM065
47361,NM065
47363,NM065
49134,ND643
41957,NK111
41957,NK111
47640,NK009
38100,NK009
38100,NK009
47642,ND230
23930,NK009
23930,NK009
49750,ND417
49384,ND417
49448,ND417
49460,ND417
49262,ND417
49383,ND417
49375,ND417
49767,ND417
49260,ND417
49455,ND417
49459,ND417
49720,ND417
49378,ND417
49377,ND417
49761,ND417
49721,ND417
49261,ND417
49447,ND417
49370,ND417
49366,ND417
49371,ND417
49762,ND417
49456,ND417
49764,ND417
49463,ND417
49464,ND417
49756,ND417
49749,ND417
49758,ND417
49818,ND417
49757,ND417
49496,ND567
49494,ND567
47694,ND417
47694,ND417
47637,ND230
47795,NK009
47795,NK009
47985,NK009
47985,NK009
47796,ND230
49913,NK232
49876,NK232
49907,NK232
49867,NK232
50287,NK232
50287,NK232
49864,NK232
49882,NK232
49869,NK232
49865,NK232
49863,NK232
49755,NK232
49760,NK232
49759,NK232
49680,NK232
49679,NK232
49842,NK232
49611,NK232
49596,NK232
49598,NK232
49697,NK232
49696,NK232
49698,NK232
49849,NK232
49817,NK232
49853,NK232
49850,NK232
49413,NK232
49414,NK232
49412,NK232
49693,NK232
50297,NK232
49415,NK232
49906,NK232
49905,NK232
49416,NK232
49418,NK232
49578,NK232
49580,NK232
50289,NK232
49735,NK232
49751,NK232
49839,NK232
49694,NK232
49692,NK232
49880,NK232
49858,NK232
49852,NK232
49618,NK232
49617,NK232
49619,NK232
49877,NK232
49665,NK232
49653,NK232
49632,NK232
49840,NK232
49631,NK232
49601,NK232
49681,NK232
49741,NK232
50280,NK232
49743,NK232
49742,NK232
49605,NK232
49604,NK232
49606,NK232
49608,NK232
49610,NK232
49613,NK232
49684,NK232
49683,NK232
49685,NK232
49583,NK232
49799,NK232
49798,NK232
49812,NK232
49695,NK232
49813,NK232
49763,NK232
49845,NK232
49844,NK232
50304,NK232
49908,NK232
50283,NK232
50290,NK232
50285,NK232
49752,NK232
49686,NK232
49871,NK232
49687,NK232
49616,NK232
49847,NK232
49841,NK232
49802,NK232
50286,NK232
50282,NK232
50278,NK232
49800,NK232
49805,NK232
49744,NK232
49868,NK232
49737,NK232
49753,NK232
49747,NK232
49870,NK232
49866,NK232
49739,NK232
49738,NK232
49804,NK232
49754,NK232
49881,NK232
49806,NK232
50262,NK232
50505,NK232
50506,NK232
50258,NK232
50281,NK232
50292,NK232
50293,NK232
49688,NK232
49594,NK232
49807,NK232
49809,NK232
49593,NK232
49591,NK232
49595,NK232
48051,NK111
48051,NK111
48075,NK111
48075,NK111
48076,NK111
48076,NK111
48078,NK111
48078,NK111
48074,NK111
48074,NK111
48050,NK111
48050,NK111
48071,NK111
48077,NK111
48077,NK111
48073,NK111
48073,NK111
48224,NM067
48224,NM067
48228,NM067
48228,NM067
48235,NM067
48235,NM067
48239,NM067
48239,NM067
33122,ND230
48312,ND230
49714,MP002SI
49715,MP002SI
49717,MP002SI
49718,MP002SI
48363,ND230
48364,ND230
48369,ND230
48367,ND230
48366,ND230
48373,ND230
48374,ND230
40549,ND289
48394,ND230
48433,ND230
48435,ND230
48698,NF009
48699,NF009
48700,NF009
48701,NF009
48705,NF009
48704,NF009
48703,NF009
48702,NF009
48709,ND230
47686,NM058
47686,NM058
47690,NM058
47690,NM058
48733,ND574
49828,ND417
49891,ND417
49892,ND417
48838,ND417
48746,ND230
48842,NK106
48840,NK106
48845,NK106
48844,NK106
48836,ND566
48836,ND566
48835,ND566
48835,ND566
48834,ND566
48834,ND566
49600,ND417
49851,MP021FR
49859,MP021FR
50269,MP021FR
49848,MP021FR
48715,NK232
48716,NK232
49013,ND230
49016,ND230
49018,ND230
49020,ND230
49857,MP021FR
49860,MP021FR
49550,ND417
49040,ND230
49042,ND230
49041,ND230
49044,ND230
49046,ND230
49045,ND230
49047,ND230
49050,ND230
49048,ND230
49054,ND230
49051,ND230
49055,ND230
49052,ND230
49053,ND230
49057,ND230
49058,ND230
49113,NK111
49113,NK111
49107,NK009
49107,NK009
49109,NK009
49109,NK009
49116,NK111
49116,NK111
49108,NK009
49108,NK009
49123,NK111
49123,NK111
49124,NK111
49124,NK111
49120,NK111
49120,NK111
49122,NK111
49122,NK111
49065,ND135
49062,ND230
49064,ND230
49067,ND135
49066,ND135
49068,ND135
49069,ND135
49071,ND135
49070,ND135
49073,NK009
49080,NK009
49074,NK009
49075,NK009
49076,NK009
49077,NK009
49854,MP021FR
50294,MP021FR
49079,NK009
50146,MP021FR
49083,ND230
49084,ND230
49085,ND230
49086,ND230
49087,ND230
49088,ND230
49090,NK009
49091,NK009
49092,NK009
49093,NK009
49094,NK009
49095,NK009
49096,NK239
49098,NK009
49112,NJ006
49115,NJ006
49118,ND230
49117,NK232
49130,MP021FR
49131,MP021FR
49132,MP021FR
49135,NK005
49918,EA050
49916,EA050
49140,NK232
49274,NK232
49275,NK232
40575,ND230
49339,ND230
40594,ND230
50125,MP021FR
50065,MP021FR
49856,MP021FR
50288,MP021FR
49861,MP021FR
50291,MP021FR
50039,MP021FR
50036,MP021FR
49843,MP021FR
50038,MP021FR
49362,MP021FR
50129,MP021FR
50132,MP021FR
49766,MP021FR
50133,MP021FR
49365,NK232
49367,NK232
49368,NK232
49372,NK232
49373,NK232
49374,NK232
49810,ND643
49819,ND643
49385,NK009
49386,NK009
49434,NK009
49435,NK009
49391,NK009
49400,NJ045
49410,NK009
49410,NK009
49402,NK009
49402,NK009
49404,NK009
49404,NK009
49405,NK009
49405,NK009
49406,NK009
49406,NK009
49407,NK009
49407,NK009
49408,NK009
49408,NK009
49450,NK009
49450,NK009
49452,NK009
49452,NK009
49453,NK009
49453,NK009
49454,NK009
49454,NK009
50120,ND417
50121,ND417
49423,NK009
49444,NK009
49436,NK009
49431,NF009
49439,NF009
49432,NF009
49437,NF009
49441,NF009
49438,NF009
49442,NF009
49443,NK009
49430,NK106
49445,NK009
49446,NK009
49449,NK009
50237,NK009
50063,ND643
49461,NF009
49462,NF009
49465,NF009
49466,NF009
49467,NF009
49471,NF009
49470,NF009
49469,NF009
49364,ND567
49363,ND567
49361,ND567
49468,ND512
49472,NK009
49474,NK009
49473,ND512
49475,NK009
49478,NK009
49479,NK009
49482,NK232
49483,NK232
49480,NK009
49484,NK009
49485,NK009
49487,NK009
49489,NK009
49491,NK009
49493,NK009
49495,NK009
49498,NF009
49499,NF009
49500,NF009
49501,NK009
49503,NK009
49506,NK009
49508,NK009
49502,NK009
49509,NK009
49510,NK009
49507,NK009
49512,NK009
49511,NK009
49513,NK009
49514,NK009
49515,NK009
49516,NK009
49517,NK009
49518,NK009
49519,NK009
49521,NK009
49520,NK009
49525,NK009
49523,NK009
49529,NK009
49524,NK009
49526,NK009
49528,NK009
49530,NK009
49531,NK009
49533,NK009
49532,NK009
49534,NK009
49535,NK009
49536,NK009
49537,NK009
49538,NK009
49539,NK009
49541,NK009
49543,NK009
49544,NK009
49546,NK009
49545,NK009
49547,NK009
49548,NK009
49549,NK009
49551,NK009
49552,NK009
49553,NK009
49554,NK009
49557,NK009
49556,NK009
49558,NK009
49559,NK009
49560,NK009
49577,NK009
49579,NK009
49581,NK009
49582,NK009
49584,NK009
49585,NK009
49586,NK009
49587,NK009
49588,NK009
49589,NK009
49590,NK009
49602,NK009
49607,NK009
49609,NK009
49612,NK009
49614,NK009
49615,NK009
49624,NK009
49678,NK009
49682,NK009
38223,ND289
38260,ND289
38252,ND289
37588,ND289
37589,ND289
37591,ND289
38258,ND289
38265,ND289
38279,ND289
50512,NK232
50561,NK232
50537,NK232
50534,NK232
50514,NK232
50064,NK232
50513,NK232
50551,NK232
50541,NK232
50516,NK232
50606,NK232
50515,NK232
50616,NK232
50536,NK232
50596,NK232
50530,NK232
50570,NK232
50531,NK232
50535,NK232
50127,ND159
50126,ND040
50128,ND179
49689,NK009
49690,NK009
49712,NK009
50083,ND567
50075,ND567
50077,ND567
50103,ND567
50149,ND567
50151,ND567
50135,MP002SI
50130,MP002SI
50295,ND417
50296,ND417
50451,ND417
50076,ND417
50074,ND417
50275,ND417
50123,ND417
50122,ND417
49778,NK009
49778,NK009
49782,NK009
49782,NK009
49783,NK009
49783,NK009
49789,NK009
49789,NK009
50051,NK111
50051,NK111
50079,NK111
50079,NK111
50078,NK111
50078,NK111
50052,NK111
50052,NK111
50053,NK111
50053,NK111
50054,MP021FR
49801,NK009
49801,NK009
49811,NK009
49811,NK009
49791,NK009
49815,NK009
49815,NK009
49775,NK009
49803,NK009
49803,NK009
49795,NK009
13854,ND040
50507,NK009
50300,NK009
50444,NK009
50781,ND417
50780,ND417
50272,MP021FR
50274,MP021FR
50277,MP021FR
50279,MP021FR
42743,ND289
15394,ND159
49797,NK009
49796,NK009
27505,NK009
50270,MP021FR
50273,MP021FR
49896,NK009
49897,NK009
49898,NK009
49899,NK009
49900,NK009
49901,NK009
36693,NK009
36693,NK009
39020,NK009
39020,NK009
49770,NK009
49771,NK009
49772,NK009
49773,NK009
49774,NK009
49776,NK009
49776,NK009
49780,NK009
49785,NK009
49785,NK009
49790,NK009
49790,NK009
49788,NK009
49793,NK009
49794,NK009
49914,NK009
50542,ND567
50544,ND567
50546,ND567
50547,ND567
50549,ND567
50550,ND567
50706,ND417
50006,NK009
50008,NK009
50007,NK009
50016,NK009
50017,NK009
50018,NK009
50019,NK009
50646,ND567
50650,ND567
50651,ND567
50066,ND289
50082,MP002SI
50081,MP002SI
50659,MP021FR
50749,MP021FR
50657,MP021FR
50748,MP021FR
50755,MP021FR
50658,MP021FR
50118,NK111
50118,NK111
50119,NK111
50119,NK111
50762,MP002SI
50770,MP002SI
50759,MP002SI
50760,MP002SI
50750,MP021FR
33729,ND574
33729,ND574
33710,ND574
33710,ND574
33711,ND574
33711,ND574
33712,ND574
33712,ND574
33713,ND574
33713,ND574
33714,ND574
33714,ND574
33715,ND574
33715,ND574
33716,ND574
33716,ND574
33717,ND574
33717,ND574
33718,ND574
33718,ND574
33719,ND574
33719,ND574
33720,ND574
33720,ND574
33721,ND574
33721,ND574
33722,ND574
33722,ND574
33723,ND574
33723,ND574
33724,ND574
33724,ND574
33725,ND574
33725,ND574
33726,ND574
33726,ND574
33727,ND574
33727,ND574
33728,ND574
33728,ND574
33730,ND574
33730,ND574
33851,ND574
33851,ND574
33852,ND574
33852,ND574
33853,ND574
33853,ND574
33854,ND574
33854,ND574
33855,ND574
33855,ND574
33856,ND574
33856,ND574
33857,ND574
33857,ND574
33858,ND574
33858,ND574
33859,ND574
33859,ND574
34303,ND574
34303,ND574
34304,ND574
34304,ND574
34305,ND574
34305,ND574
34306,ND574
34306,ND574
34307,ND574
34307,ND574
34308,ND574
34308,ND574
34309,ND574
34309,ND574
34310,ND574
34310,ND574
34311,ND574
34311,ND574
34312,ND574
34312,ND574
34313,ND574
34313,ND574
34314,ND574
34314,ND574
34318,ND574
34318,ND574
34319,ND574
34319,ND574
34320,ND574
34320,ND574
50786,ND643
50254,NK232
50238,NJ006
50247,NJ006
50220,NJ006
50148,NJ006
50147,NJ006
50244,NJ006
50236,NJ006
50243,NJ006
50242,NJ006
50150,NJ006
50443,NK009
50437,NJ077
50438,NJ077
50439,NJ077
50440,NJ077
50442,NJ077
50465,NJ077
50466,NJ077
50467,NJ077
50468,NJ077
50469,NJ077
50459,NJ077
50460,NJ077
50461,NJ077
50462,NJ077
50463,NJ077
50453,NJ077
50454,NJ077
50455,NJ077
50456,NJ077
50457,NJ077
50249,NK009
50246,NJ006
50248,NJ006
50245,NJ006
50253,NJ006
50239,NJ006
50241,NJ006
50256,NJ006
50264,NJ008
50263,NJ008
48831,ND566
48831,ND566
48832,ND566
48832,ND566
48833,ND566
48833,ND566
50523,ND574
50523,ND574
50525,ND574
50525,ND574
50526,ND574
50526,ND574
50527,ND574
50527,ND574
50528,ND574
50528,ND574
50529,ND574
50529,ND574
50261,ND567
50261,ND567
50543,ND289
50545,ND289
50548,ND289
50586,NK232
50647,ND567
50560,MP010SI
50560,MP010SI
50711,NJ008
50712,NJ008
50710,NJ008
50709,NJ008
50708,NJ008
50707,NJ008
50259,NJ008
50257,NJ008
33866,ND574
33866,ND574
33867,ND574
33867,ND574
33868,ND574
33868,ND574
33869,ND574
33869,ND574
33870,ND574
33870,ND574
33871,ND574
33871,ND574
33872,ND574
33872,ND574
33873,ND574
33873,ND574
33874,ND574
33874,ND574
33752,ND574
33752,ND574
33733,ND574
33733,ND574
33734,ND574
33734,ND574
33735,ND574
33735,ND574
33736,ND574
33736,ND574
33737,ND574
33737,ND574
33738,ND574
33738,ND574
33739,ND574
33739,ND574
33740,ND574
33740,ND574
33741,ND574
33741,ND574
33742,ND574
33742,ND574
33743,ND574
33743,ND574
33744,ND574
33744,ND574
33745,ND574
33745,ND574
33746,ND574
33746,ND574
33747,ND574
33747,ND574
33748,ND574
33748,ND574
33749,ND574
33749,ND574
33750,ND574
33750,ND574
33751,ND574
33751,ND574
33753,ND574
33753,ND574
50726,ND574
50726,ND574
50727,ND574
50727,ND574
50728,ND574
50728,ND574
50729,ND574
50729,ND574
50730,ND574
50730,ND574
50731,ND574
50731,ND574
50732,ND574
50732,ND574
50733,ND574
50733,ND574
50734,ND574
50734,ND574
50735,ND574
50735,ND574
50736,ND574
50736,ND574
50737,ND574
50737,ND574
50738,ND574
50738,ND574
50739,ND574
50739,ND574
50740,ND574
50740,ND574
50843,ND574
50844,ND574
50845,ND574
50846,ND574
50847,ND574
50848,ND574
50849,ND574
50850,ND574
50851,ND574
50852,ND574
50853,ND574
50854,ND574
50855,ND574
50856,ND574
50857,ND574
50858,ND574
50859,ND574
50860,ND574
50887,ND574
50887,ND574
50888,ND574
50888,ND574
50889,ND574
50889,ND574
50890,ND574
50890,ND574
50891,ND574
50891,ND574
50892,ND574
50892,ND574
40080,ND230
46205,ND657
29301,NK232
29307,NK232
29309,NK232
29303,NK232
29305,NK232
28216,NK232
28218,NK232
28240,NK232
35288,NK232
28234,NK232
39746,NK232
33143,NK232
33142,NK232
41918,NK232
39396,NK232
38163,NK232
33256,NK232
45067,NK232
38617,NK232
49893,NK232
38615,NK232
38616,NK232
39743,NK232
39747,NK232
42179,NK232
42178,NK232
42180,NK232
42181,NK232
40362,NK232
40363,NK232
40364,NK232
39584,NK232
42414,NK232
43236,NK232
43784,NK232
45073,NK232
45071,NK232
45072,NK232
45069,NK232
49555,NK232
45332,NK232
49894,NK232
46461,NK232
28236,NK232
28238,NK232
28230,NK232
28256,NK232
28228,NK232
28226,NK232
28244,NK232
28222,NK232
28224,NK232
28212,NK232
28242,NK232
28248,NK232
51088,ND417
51318,ND417
51090,ND417
52106,ND417
52105,ND417
44601,ND417
51031,ND417
50950,ND417
50954,ND417
50953,ND417
51422,ND417
51025,ND417
50949,ND417
51085,ND417
51072,ND417
51094,ND417
51030,ND417
51432,ND417
51660,ND417
51333,ND417
51321,ND417
51194,ND417
51348,ND417
17814,ND417
51190,ND417
51193,ND417
51192,ND417
51074,ND417
51200,ND417
51197,ND417
51203,ND417
51199,ND417
51202,ND417
51093,ND417
51112,ND417
51103,ND417
51006,ND417
51007,ND417
51080,ND417
51086,ND417
51071,ND417
51101,ND417
51109,ND417
29777,ND417
52108,ND417
52110,ND417
52107,ND417
52109,ND417
51114,ND417
51115,ND417
50948,ND417
50947,ND417
50944,ND417
50941,ND417
1843,ND417
1844,ND417
44820,ND417
51175,ND417
51182,ND417
51181,ND417
51187,ND417
51177,ND417
51186,ND417
52176,ND417
51073,ND417
50942,ND417
50946,ND417
52111,ND417
52114,ND417
45000,ND417
51320,ND417
51319,ND417
45003,ND417
51089,ND417
51092,ND417
51098,ND417
51099,ND417
51107,ND417
51108,ND417
47377,ND417
47378,ND417
52172,ND417
51095,ND417
51113,ND417
51104,ND417
52165,ND417
52159,ND417
51369,ND417
51174,ND417
51367,ND417
51366,ND417
51008,ND417
51003,ND417
52201,ND417
52161,ND417
52162,ND417
51075,ND417
51076,ND417
51079,ND417
51051,ND417
52167,ND417
52164,ND417
52113,ND417
52163,ND417
44643,ND417
44652,ND417
51096,ND417
51180,ND417
51176,ND417
51365,ND417
51364,ND417
51102,ND417
51110,ND417
50952,ND417
7376,ND568
7377,ND568
7378,ND568
7403,ND568
7404,ND568
14187,ND568
14188,ND568
51655,ND568
51654,ND568
50933,ND568
50934,ND568
50935,ND568
50913,ND568
50914,ND568
50919,ND568
50921,ND568
50923,ND568
50925,ND568
50927,ND568
50930,ND568
50931,ND568
50932,ND568
50929,ND568
42237,ND568
50916,ND568
50917,ND568
50918,ND568
50915,ND568
50924,ND568
50926,ND568
50928,ND568
50922,ND568
48744,NK107
48710,NK107
48711,NK107
52126,NK107
52125,NK107
48743,NK107
48712,NK107
48392,NK107
48713,NK107
40653,NK107
33120,NK107
32598,NK107
24247,NK107
40562,NK107
47633,NK107
40554,NK107
40553,NK107
40551,NK107
40555,NK107
49012,NK107
40580,NK107
40581,NK107
40583,NK107
40479,NK107
40533,NK107
40483,NK107
40482,NK107
43607,NK107
43995,NK107
33703,NK107
49015,NK107
40660,NK107
40659,NK107
40661,NK107
13270,ND567
13271,ND567
11111,ND567
11112,ND567
11118,ND567
11119,ND567
11122,ND567
11123,ND567
11126,ND567
11127,ND567
33848,ND566
33849,ND566
33850,ND566
50643,ND566
50644,ND566
34315,ND566
34316,ND566
34317,ND566
34321,ND566
34322,ND566
34323,ND566
34324,ND566
34325,ND566
34326,ND566
34327,ND566
34328,ND566
33863,ND566
33864,ND566
33865,ND566
43247,ND566
43314,ND566
43189,ND566
42234,ND566
48736,ND566
42228,ND566
42229,ND566
42231,ND566
42232,ND566
48820,ND566
51906,ND566
48823,ND566
51884,ND566
51643,ND566
51772,ND566
51642,ND566
51746,ND566
51641,ND566
51759,ND566
48822,ND566
49622,ND566
49623,ND566
49574,ND566
49575,ND566
49572,ND566
49570,ND566
26690,ND566
26691,ND566
26694,ND566
26695,ND566
26698,ND566
26699,ND566
26702,ND566
26703,ND566
26706,ND566
26707,ND566
30760,ND566
30761,ND566
25160,ND566
25161,ND566
25164,ND566
25165,ND566
25168,ND566
25169,ND566
25172,ND566
25173,ND566
25176,ND566
25177,ND566
25180,ND566
25181,ND566
25184,ND566
25185,ND566
25188,ND566
25189,ND566
25192,ND566
25193,ND566
25196,ND566
25197,ND566
25200,ND566
25201,ND566
26687,ND566
26688,ND566
42660,ND566
42667,ND566
42665,ND566
51377,ND566
51376,ND566
51378,ND566
51619,ND566
43296,ND566
43292,ND566
43300,ND566
43304,ND566
43305,ND566
1553,ND566
1552,ND566
1327,ND566
1328,ND566
13238,ND566
40859,ND567
40861,ND567
40863,ND567
44827,ND567
40858,ND567
48376,ND567
43557,ND567
38945,ND567
42544,ND567
43001,ND567
51334,ND567
51433,ND567
46068,ND657
46072,ND657
50970,ND657
51004,ND657
51000,ND657
51005,ND657
51618,ND657
50997,ND657
51002,ND657
45628,ND657
50967,ND657
50968,ND657
51039,ND657
51040,ND657
51041,ND657
51043,ND657
51044,ND657
51045,ND657
51386,ND657
51379,ND657
51381,ND657
51382,ND657
51383,ND657
51385,ND657
52182,ND657
52183,ND657
52184,ND657
52185,ND657
52191,ND657
52186,ND657
52188,ND657
52189,ND657
52190,ND657
52202,ND657
52206,ND657
52207,ND657
52187,ND657
52193,ND657
52194,ND657
52195,ND657
51610,ND657
51611,ND657
51609,ND657
51608,ND657
52192,ND657
52196,ND657
52197,ND657
52198,ND657
37496,MP010SI
51663,MP010SI
51047,MP010SI
51368,MP010SI
1736,MP010SI
51440,MP010SI
52147,MP010SI
31620,MP010SI
52148,MP010SI
50961,MP010SI
50965,MP010SI
50962,MP010SI
51375,MP010SI
43149,MP010SI
52112,MP010SI
26992,MP010SI
50966,MP010SI
50959,MP010SI
51171,MP010SI
50960,MP010SI
50719,MP010SI
52127,MP010SI
52146,MP010SI
51046,MP010SI
50898,MP010SI
50958,MP010SI
50720,MP010SI
50897,MP010SI
29617,MP010SI
50956,MP010SI
50957,MP010SI
51064,MP010SI
50782,MP010SI
51060,MP010SI
50996,MP010SI
7497,MP010SI
50900,MP010SI
50964,MP010SI
51661,MP010SI
43506,MP010SI
52200,MP006SI
52199,MP006SI
52210,MP006SI
52209,MP006SI
51053,MP006SI
52211,MP006SI
52205,MP006SI
29739,MP006SI
51434,MP006SI
37961,MP006SI
18986,MP006SI
51097,MP006SI
51106,MP006SI
51100,MP006SI
52204,MP006SI
52171,MP006SI
51063,MP006SI
51069,MP006SI
51066,MP006SI
52102,MP006SI
52101,MP006SI
52103,MP006SI
52104,MP006SI
52173,MP006SI
51068,MP006SI
51070,MP006SI
51091,MP006SI
51065,MP006SI
51067,MP006SI
51105,MP006SI
51111,MP006SI
37968,EA006
35488,EA006
51029,EA006
39734,EA006
37978,EA006
52203,EA006
42902,EA006
50940,EA006
47660,EA006
37421,EA006
40322,EA006
42906,EA006
49277,ND566
49278,ND566
49279,ND566
49280,ND566
49281,ND566
49282,ND566
49283,ND566
49284,ND566
49285,ND566
49286,ND566
49287,ND566
49288,ND566
49289,ND566
49290,ND566
49291,ND566
49292,ND566
49293,ND566
49294,ND566
49295,ND566
49296,ND566
49297,ND566
49318,ND566
49319,ND566
49320,ND566
49321,ND566
49322,ND566
49323,ND566
49324,ND566
49325,ND566
49326,ND566
49327,ND566
49328,ND566
49329,ND566
49330,ND566
49331,ND566
49332,ND566
49333,ND566
49334,ND566
49335,ND566
49336,ND566
49337,ND566
49338,ND566
50152,ND566
50153,ND566
50154,ND566
50155,ND566
50156,ND566
50157,ND566
50158,ND566
50159,ND566
50160,ND566
50161,ND566
50162,ND566
50163,ND566
50164,ND566
50165,ND566
50166,ND566
50167,ND566
50168,ND566
50169,ND566
50170,ND566
50171,ND566
50172,ND566
34329,ND566
49233,ND566
49234,ND566
49235,ND566
49236,ND566
49237,ND566
49238,ND566
49239,ND566
49240,ND566
49241,ND566
49242,ND566
49243,ND566
49244,ND566
49245,ND566
49246,ND566
49247,ND566
49248,ND566
49249,ND566
49250,ND566
49251,ND566
49252,ND566
49253,ND566
49254,ND566
49255,ND566
49256,ND566
49257,ND566
49258,ND566
49259,ND566
49149,ND566
49150,ND566
49151,ND566
49152,ND566
49153,ND566
49154,ND566
49155,ND566
49156,ND566
49157,ND566
49158,ND566
49159,ND566
49160,ND566
49161,ND566
49162,ND566
49163,ND566
49164,ND566
49165,ND566
49166,ND566
49167,ND566
49168,ND566
49169,ND566
49170,ND566
49171,ND566
49172,ND566
49173,ND566
49174,ND566
49175,ND566
42235,ND566
48737,ND566
49203,ND566
49204,ND566
49205,ND566
49206,ND566
49207,ND566
49208,ND566
49212,ND566
49213,ND566
49214,ND566
49209,ND566
49210,ND566
49211,ND566
51825,ND566
51826,ND566
51827,ND566
51828,ND566
51829,ND566
51833,ND566
51834,ND566
51835,ND566
51830,ND566
51831,ND566
51832,ND566
52090,ND566
51860,ND566
51862,ND566
51863,ND566
51864,ND566
51865,ND566
51869,ND566
51870,ND566
51871,ND566
51866,ND566
51867,ND566
51868,ND566
52087,ND566
51800,ND566
51801,ND566
51802,ND566
51803,ND566
51805,ND566
51809,ND566
51810,ND566
51811,ND566
51806,ND566
51807,ND566
51808,ND566
52092,ND566
51836,ND566
51837,ND566
51838,ND566
51839,ND566
51840,ND566
51845,ND566
51846,ND566
51847,ND566
51842,ND566
51843,ND566
51844,ND566
52089,ND566
51812,ND566
51813,ND566
51815,ND566
51816,ND566
51817,ND566
51821,ND566
51822,ND566
51823,ND566
51818,ND566
51819,ND566
51820,ND566
52091,ND566
51848,ND566
51849,ND566
51850,ND566
51852,ND566
51853,ND566
51857,ND566
51858,ND566
51859,ND566
51854,ND566
51855,ND566
51856,ND566
52088,ND566
51909,ND566
51910,ND566
51911,ND566
51912,ND566
51913,ND566
51914,ND566
51918,ND566
51919,ND566
51920,ND566
51915,ND566
51916,ND566
52072,ND566
51933,ND566
51934,ND566
51935,ND566
51936,ND566
51937,ND566
51938,ND566
51942,ND566
51943,ND566
51944,ND566
51940,ND566
51941,ND566
52070,ND566
51897,ND566
51898,ND566
51899,ND566
51900,ND566
51901,ND566
51902,ND566
51907,ND566
51908,ND566
51903,ND566
51904,ND566
51905,ND566
52073,ND566
51873,ND566
51874,ND566
51875,ND566
51876,ND566
51877,ND566
51878,ND566
51882,ND566
51883,ND566
51879,ND566
51880,ND566
51881,ND566
52075,ND566
51921,ND566
51922,ND566
51923,ND566
51924,ND566
51925,ND566
51926,ND566
51930,ND566
51931,ND566
51932,ND566
51927,ND566
51929,ND566
52071,ND566
49190,ND566
49191,ND566
49192,ND566
49193,ND566
49194,ND566
49195,ND566
49199,ND566
49200,ND566
49201,ND566
51764,ND566
51765,ND566
51766,ND566
51767,ND566
51768,ND566
51769,ND566
51773,ND566
51774,ND566
51775,ND566
51770,ND566
51771,ND566
52094,ND566
51700,ND566
51701,ND566
51702,ND566
51703,ND566
51704,ND566
51706,ND566
51707,ND566
51708,ND566
51709,ND566
51710,ND566
51711,ND566
51712,ND566
51713,ND566
51714,ND566
51715,ND566
51716,ND566
51717,ND566
51788,ND566
51789,ND566
51790,ND566
51791,ND566
51792,ND566
51793,ND566
51797,ND566
51799,ND566
51794,ND566
51795,ND566
51796,ND566
52097,ND566
51740,ND566
51741,ND566
51742,ND566
51743,ND566
51744,ND566
51745,ND566
51749,ND566
51750,ND566
51751,ND566
51747,ND566
51748,ND566
52086,ND566
51776,ND566
51777,ND566
51778,ND566
51779,ND566
51780,ND566
51781,ND566
51786,ND566
51787,ND566
51782,ND566
51783,ND566
51784,ND566
52095,ND566
51728,ND566
51729,ND566
51730,ND566
51731,ND566
51732,ND566
51733,ND566
51737,ND566
51738,ND566
51734,ND566
51735,ND566
51736,ND566
52096,ND566
51752,ND566
51753,ND566
51754,ND566
51755,ND566
51756,ND566
51757,ND566
51761,ND566
51762,ND566
51763,ND566
51758,ND566
51760,ND566
52093,ND566
51885,ND566
51886,ND566
51887,ND566
51888,ND566
51889,ND566
51890,ND566
51894,ND566
51895,ND566
51896,ND566
51891,ND566
51892,ND566
51893,ND566
52074,ND566
48857,ND566
48858,ND566
48859,ND566
48860,ND566
48861,ND566
48862,ND566
48863,ND566
48864,ND566
48865,ND566
48867,ND566
48870,ND566
48873,ND566
48828,ND566
51969,ND566
51970,ND566
51971,ND566
51972,ND566
51973,ND566
51974,ND566
51978,ND566
51979,ND566
51980,ND566
51975,ND566
51976,ND566
51977,ND566
52079,ND566
48829,ND566
51620,ND566
51957,ND566
51958,ND566
51959,ND566
51960,ND566
51961,ND566
51962,ND566
51966,ND566
51967,ND566
51968,ND566
51963,ND566
51964,ND566
51965,ND566
52080,ND566
48830,ND566
51945,ND566
51946,ND566
51947,ND566
51948,ND566
51949,ND566
51950,ND566
51954,ND566
51955,ND566
51956,ND566
51951,ND566
51952,ND566
51953,ND566
52081,ND566
48825,ND566
52005,ND566
52006,ND566
52007,ND566
52008,ND566
52009,ND566
52010,ND566
52014,ND566
52015,ND566
52016,ND566
52011,ND566
52012,ND566
52013,ND566
52076,ND566
48826,ND566
51993,ND566
51994,ND566
51995,ND566
51996,ND566
51997,ND566
51998,ND566
52002,ND566
52003,ND566
52004,ND566
51999,ND566
52000,ND566
52001,ND566
52077,ND566
48827,ND566
51981,ND566
51982,ND566
51983,ND566
51984,ND566
51985,ND566
51986,ND566
51990,ND566
51991,ND566
51992,ND566
51987,ND566
51988,ND566
51989,ND566
52078,ND566
49626,ND566
49627,ND566
50179,ND566
50180,ND566
52058,ND566
52059,ND566
52060,ND566
52061,ND566
52062,ND566
52063,ND566
52067,ND566
52068,ND566
52069,ND566
52064,ND566
52065,ND566
52066,ND566
52085,ND566
50173,ND566
50174,ND566
50177,ND566
50178,ND566
50219,ND566
50216,ND566
50214,ND566
50215,ND566
50218,ND566
50217,ND566
50192,ND566
50193,ND566
50185,ND566
50186,ND566
50190,ND566
50191,ND566
50206,ND566
50203,ND566
50201,ND566
50202,ND566
50205,ND566
50204,ND566
42668,ND566
43081,ND566
43832,ND566
38971,ND566
38968,ND566
38972,ND566
38973,ND566
38964,ND566
38969,ND566
38970,ND566
43298,ND566
43294,ND566
43302,ND566
1335,ND566
1355,ND566
1358,ND566
1361,ND566
1364,ND566
32962,ND566
32993,ND566
52027,ND566
42541,ND567
42543,ND567
42536,ND567
42538,ND567
42999,ND567
43000,ND567
44372,ND567
42998,ND567
42997,ND567
40912,ND567
40913,ND567
40914,ND567
40904,ND567
40910,ND567
40911,ND567
40874,ND567
40875,ND567
40876,ND567
40872,ND567
40873,ND567
50788,NK232
26034,NK232
37181,NK232
37182,NK232
37183,NK232
37184,NK232
37185,NK232
37186,NK232
25651,NK232
37621,NK232
37622,NK232
25653,NK232
37619,NK232
30420,NK232
47410,NK232
47411,NK232
47412,NK232
33124,NK232
33125,NK232
33126,NK232
33127,NK232
37180,NK232
37008,NK232
36980,NK232
32109,NK232
33560,NK232
37149,NK232
32419,NK232
32502,NK232
32494,NK232
34074,NK232
34075,NK232
34076,NK232
34077,NK232
34079,NK232
34080,NK232
34081,NK232
34082,NK232
34083,NK232
40469,NK232
40642,NK232
36697,NK232
36429,NK232
36436,NK232
36438,NK232
36440,NK232
36432,NK232
36442,NK232
36365,NK232
36428,NK232
36430,NK232
36437,NK232
36441,NK232
36443,NK232
36433,NK232
36434,NK232
36435,NK232
32088,NK232
32110,NK232
33234,NK232
33412,NK232
33825,NK232
33413,NK232
37012,NK232
37086,NK232
33282,NK232
37041,NK232
37025,NK232
32174,NK232
33075,NK232
33074,NK232
33076,NK232
35389,NK232
32175,NK232
33542,NK232
33314,NK232
33313,NK232
28936,ND520
28937,ND520
28938,ND520
28939,ND520
14375,ND520
14376,ND520
14377,ND520
14378,ND520
23647,ND520
38860,ND520
38861,ND520
38873,ND520
38874,ND520
14400,ND520
38887,ND520
27911,ND520
27912,ND520
38831,ND520
25045,ND520
25046,ND520
25047,ND520
25048,ND520
25050,ND520
14439,ND520
14442,ND520
23655,ND520
38901,ND520
38903,ND520
39037,ND520
43568,ND520
50486,ND520
50487,ND520
50488,ND520
50489,ND520
50490,ND520
37955,ND520
37956,ND520
37957,ND520
37958,ND520
37959,ND520
36003,ND520
36005,ND520
36006,ND520
37930,ND520
50480,ND520
50481,ND520
50482,ND520
50483,ND520
50484,ND520
36048,ND520
36049,ND520
36050,ND520
36051,ND520
36043,ND520
36044,ND520
36045,ND520
36046,ND520
37933,ND520
36037,ND520
36038,ND520
36039,ND520
36040,ND520
16603,ND520
16604,ND520
16605,ND520
16595,ND520
16596,ND520
16597,ND520
16611,ND520
16612,ND520
16613,ND520
16619,ND520
16620,ND520
16621,ND520
16526,ND520
16528,ND520
16530,ND520
16627,ND520
16628,ND520
16629,ND520
16635,ND520
16636,ND520
16637,ND520
16643,ND520
16644,ND520
16645,ND520
16651,ND520
16652,ND520
16653,ND520
16575,ND520
16588,ND520
16589,ND520
16591,ND520
15606,ND520
15607,ND520
15609,ND520
15630,ND520
15631,ND520
15633,ND520
15598,ND520
15599,ND520
15601,ND520
15614,ND520
15615,ND520
15617,ND520
15622,ND520
15623,ND520
15625,ND520
14401,ND520
14402,ND520
24474,ND566
24475,ND566
24476,ND566
24477,ND566
24478,ND566
24479,ND566
24480,ND566
24481,ND566
24482,ND566
24483,ND566
24484,ND566
24485,ND566
24488,ND566
24489,ND566
24490,ND566
24491,ND566
24492,ND566
24493,ND566
24486,ND566
24502,ND566
50637,ND566
50638,ND566
50639,ND566
50640,ND566
50641,ND566
50642,ND566
50645,ND566
43248,ND566
43249,ND566
43315,ND566
43316,ND566
43190,ND566
43191,ND566
51631,ND566
51824,ND566
51628,ND566
51861,ND566
51633,ND566
51804,ND566
51630,ND566
51841,ND566
51632,ND566
51814,ND566
51629,ND566
51851,ND566
51652,ND566
51705,ND566
51798,ND566
51650,ND566
51785,ND566
51651,ND566
51739,ND566
42661,ND566
43086,ND566
42666,ND566
43085,ND566
39581,ND566
43084,ND566
38013,ND566
43082,ND566
38019,ND566
43083,ND566
24487,ND566
43297,ND566
43293,ND566
43301,ND566
43306,ND566
49147,ND567
49177,ND567
49178,ND567
49179,ND567
49144,ND567
49146,ND567
47716,ND567
47714,ND567
47715,ND567
43262,ND567
43263,ND567
43264,ND567
43265,ND567
43266,ND567
43267,ND567
43268,ND567
43269,ND567
43270,ND567
43271,ND567
43272,ND567
43273,ND567
50441,ND520
50436,ND520
52124,ND520
52118,ND520
52119,ND520
52120,ND520
52121,ND520
52122,ND520
16606,ND520
16607,ND520
23697,ND520
50356,ND520
16598,ND520
16599,ND520
23696,ND520
50355,ND520
16614,ND520
16615,ND520
23698,ND520
50357,ND520
16622,ND520
16623,ND520
23699,ND520
50358,ND520
16529,ND520
23687,ND520
50346,ND520
33574,ND520
33575,ND520
33576,ND520
33577,ND520
33578,ND520
33573,ND520
50375,ND520
16630,ND520
16631,ND520
23700,ND520
50359,ND520
16638,ND520
16639,ND520
23701,ND520
50360,ND520
16646,ND520
16647,ND520
23702,ND520
50361,ND520
16654,ND520
16655,ND520
23703,ND520
50362,ND520
16571,ND520
16572,ND520
16573,ND520
16574,ND520
23693,ND520
50352,ND520
16587,ND520
16590,ND520
23695,ND520
50354,ND520
15605,ND520
15608,ND520
23671,ND520
50330,ND520
15629,ND520
15632,ND520
23674,ND520
50333,ND520
15597,ND520
15600,ND520
23670,ND520
50329,ND520
15613,ND520
15616,ND520
23672,ND520
50331,ND520
15621,ND520
15624,ND520
23673,ND520
50332,ND520
28940,ND520
28941,ND520
50373,ND520
15555,ND520
50313,ND520
38859,ND520
38862,ND520
38863,ND520
38858,ND520
50381,ND520
38875,ND520
38876,ND520
38877,ND520
38872,ND520
50383,ND520
14399,ND520
15558,ND520
23650,ND520
50316,ND520
38888,ND520
38889,ND520
38890,ND520
38891,ND520
38886,ND520
50385,ND520
27909,ND520
27910,ND520
27913,ND520
27914,ND520
50372,ND520
38832,ND520
38833,ND520
38834,ND520
38835,ND520
38830,ND520
50377,ND520
25049,ND520
50369,ND520
14440,ND520
14441,ND520
15563,ND520
50321,ND520
38902,ND520
38904,ND520
38905,ND520
38900,ND520
50387,ND520
39035,ND520
39036,ND520
39038,ND520
39039,ND520
39034,ND520
50392,ND520
42817,NK225
42814,NK225
42815,NK225
42816,NK225
50552,NK225
50553,NK225
50554,NK225
50555,NK225
50556,NK225
50558,NK225
50557,NK225
50559,NK225
50584,NK225
51298,NK225
50627,NK225
50629,NK225
50630,NK225
50631,NK225
50632,NK225
50635,NK225
50634,NK225
50628,NK225
50633,NK225
51303,NK225
50607,NK225
50609,NK225
50610,NK225
50611,NK225
50612,NK225
50615,NK225
50614,NK225
50608,NK225
50613,NK225
51300,NK225
50617,NK225
50619,NK225
50620,NK225
50621,NK225
50622,NK225
50625,NK225
50624,NK225
50618,NK225
50623,NK225
51299,NK225
50743,NK225
50744,NK225
50746,NK225
50745,NK225
51305,NK225
50597,NK225
50599,NK225
50600,NK225
50601,NK225
50602,NK225
50605,NK225
50604,NK225
50598,NK225
50603,NK225
51304,NK225
50587,NK225
50589,NK225
50590,NK225
50591,NK225
50592,NK225
50595,NK225
50594,NK225
50588,NK225
50593,NK225
51302,NK225
49996,NK225
49997,NK225
49998,NK225
49999,NK225
50000,NK225
50001,NK225
50233,NK225
50582,NK225
51296,NK225
49984,NK225
49985,NK225
49986,NK225
49987,NK225
50002,NK225
50230,NK225
50580,NK225
51294,NK225
39044,NK077
39045,NK077
39046,NK077
39047,NK077
39048,NK077
39049,NK077
39050,NK077
39051,NK077
39052,NK077
39053,NK077
39054,NK077
39055,NK077
39056,NK077
39057,NK077
39058,NK077
39059,NK077
39060,NK077
39061,NK077
39062,NK077
39063,NK077
39064,NK077
39065,NK077
39066,NK077
39067,NK077
39068,NK077
39069,NK077
39070,NK077
39071,NK077
39072,NK077
39073,NK077
39074,NK077
39075,NK077
39076,NK077
39077,NK077
39078,NK077
39079,NK077
39080,NK077
39081,NK077
39082,NK077
39083,NK077
39084,NK077
39085,NK077
39086,NK077
39087,NK077
39088,NK077
39089,NK077
40938,NK077
25697,NK077
25698,NK077
44231,NK077
25732,NK077
25733,NK077
44238,NK077
35646,NK077
35647,NK077
35648,NK077
35649,NK077
44263,NK077
35642,NK077
35643,NK077
35644,NK077
35645,NK077
44262,NK077
35638,NK077
35639,NK077
35640,NK077
35641,NK077
44261,NK077
35650,NK077
35651,NK077
35652,NK077
35653,NK077
44264,NK077
35634,NK077
35635,NK077
35637,NK077
44260,NK077
25772,NK077
25773,NK077
25774,NK077
25775,NK077
44225,NK077
25767,NK077
25768,NK077
25769,NK077
25770,NK077
44224,NK077
25792,NK077
25793,NK077
44229,NK077
25787,NK077
25788,NK077
44228,NK077
25777,NK077
25778,NK077
44226,NK077
25797,NK077
25798,NK077
44230,NK077
25757,NK077
25758,NK077
25759,NK077
25760,NK077
44222,NK077
25762,NK077
25763,NK077
25764,NK077
25765,NK077
44223,NK077
33670,ND512
51011,ND512
43276,ND512
39666,ND512
51244,ND512
42920,ND512
46208,ND512
39667,ND512
39726,ND512
50912,ND512
39041,NK077
39042,NK077
39043,NK077
42477,NK225
42546,NK225
50626,NK225
50742,NK225
49969,NK225
28162,NK225
28411,NK225
49968,NK225
49995,NK225
50004,NK225
28168,NK225
49990,NK225
49981,NK225
49982,NK225
49983,NK225
49993,NK225
51647,MP002SI
51649,MP002SI
51648,MP002SI
51644,MP002SI
51645,MP002SI
51646,MP002SI
51435,MP002SI
32741,NF043
39827,NF043
39825,NF043
39808,NF043
49440,NF043
20712,NF043
26213,NF043
26211,NF043
39858,NF043
33080,NF043
22480,NF043
48395,NF043
48398,NF043
50777,NF043
50778,NF043
48397,NF043
48005,NF043
50772,NF043
50771,NF043
50773,NF043
50776,NF043
50774,NF043
50775,NF043
48023,NF043
48024,NF043
47727,NF043
47987,NF043
47725,NF043
50753,NF043
50751,NF043
50752,NF043
50754,NF043
47726,NF043
47722,NF043
47724,NF043
47792,NF043
47730,NF043
47791,NF043
51647,MP002SI
51649,MP002SI
51648,MP002SI
51644,MP002SI
51645,MP002SI
51646,MP002SI
51435,MP002SI
51020,ND567
51019,ND567
51021,ND567
42539,ND567
51017,ND567
51015,ND567
51016,ND567
7374,ND568
7375,ND568
7405,ND568
7406,ND568
7407,ND568
14189,ND568
14190,ND568
14191,ND568
49837,NK232
33203,NK232
30421,NK232
33123,NK232
30235,NK232
43160,NK232
35313,NK232
35312,NK232
43172,NK232
51009,NK232
37026,NK232
30233,NK232
32112,NK232
35328,NK232
37106,NK232
43076,NK232
43074,NK232
43071,NK232
30128,NK232
30151,NK232
25413,NK232
36725,NK232
37571,NK232
37570,NK232
32050,NK232
32048,NK232
37107,NK232
30092,NK232
43080,NK232
49411,NK232
49890,NK232
49873,NK232
49872,NK232
51117,NK232
51204,NK232
51055,NK232
51057,NK232
26383,NK232
52143,NK232
51437,NK232
51438,NK232
52145,NK232
51439,NK232
52144,NK232
50969,NK232
32074,NK232
32071,NK232
32441,NK232
51027,NK232
51116,NK232
51289,NK232
51059,NK232
51658,NK232
51120,NK232
51173,NK232
51172,NK232
35391,NK232
51081,NK232
51048,NK232
51050,NK232
52142,NK232
51436,NK232
51056,NK232
40915,NK232
35314,NK232
35305,NK232
35392,NK232
35395,NK232
35397,NK232
32072,NK232
32454,NK232
32455,NK232
32452,NK232
32440,NK232
32438,NK232
32439,NK232
32437,NK232
30731,NK232
30696,NK232
33272,NK232
39543,NK232
43528,NK232
44408,NK232
31693,NK232
31694,NK232
31762,NK232
31763,NK232
31764,NK232
31792,NK232
31793,NK232
31794,NK232
31623,NK232
31624,NK232
31625,NK232
31769,NK232
31770,NK232
31967,NK232
31968,NK232
31969,NK232
31881,NK232
31882,NK232
31883,NK232