id,categoryId,customPrice
53218,ND417,
53220,ND417,
53701,NK009,
53080,ND233,
53082,ND233,
53081,ND233,
53077,ND233,
53068,ND233,
53067,ND233,
53073,ND233,
53072,ND233,
53063,ND233,
53062,ND233,
53065,ND233,
53064,ND233,
53097,ND233,
53095,ND233,
53172,ND233,
53174,ND233,
53173,ND233,
53168,ND233,
53170,ND233,
53169,ND233,
53164,ND233,
53166,ND233,
53165,ND233,
53183,ND233,
53182,ND233,
53181,ND233,
53176,ND233,
53178,ND233,
53177,ND233,
13853,NK009,
26404,NK009,
29753,NK009,
49786,NK009,
52594,NK111,
52593,NK111,
52592,NK111,
52591,NK111,
52590,NK111,
52588,NK111,
52589,NK111,
52587,NK111,
52595,NK111,
52595,NK111,
53784,NK111,
53784,NK111,
51662,NK111,
51662,NK111,
52585,NK111,
49386,NK009,
49391,NK009,
49433,NK009,
49430,NK009,
52339,NK111,
52339,NK111,
53552,NK009,
53560,NK009,
52924,NK009,
52893,NK009,
52917,NK009,
52927,NK009,
52916,NK009,
53680,NK111,
53681,NK111,
53682,NK111,
53684,NK111,
53685,NK111,
53376,NK111,
53375,NK111,
52649,NK111,
52650,NK111,
52651,NK111,
52652,NK111,
52653,NK111,
52641,NK111,
52643,NK111,
52644,NK111,
52645,NK111,
52646,NK111,
52642,NK111,
52615,NK111,
52616,NK111,
52617,NK111,
52618,NK111,
52619,NK111,
52629,NK111,
52628,NK111,
53378,NK111,
52919,NK009,
52516,NK111,
53111,ND233,
53113,ND233,
53112,ND233,
53107,ND233,
53109,ND233,
53108,ND233,
53101,ND233,
53100,ND233,
53099,ND233,
53103,ND233,
53105,ND233,
53104,ND233,
53139,ND233,
53141,ND233,
53140,ND233,
53135,ND233,
53137,ND233,
53136,ND233,
53131,ND233,
53133,ND233,
53132,ND233,
53122,ND233,
53117,ND233,
53116,ND233,
53129,ND233,
53127,ND233,
53126,ND233,
53151,ND233,
53153,ND233,
53152,ND233,
53147,ND233,
53149,ND233,
53148,ND233,
53143,ND233,
53145,ND233,
53144,ND233,
53162,ND233,
53161,ND233,
53160,ND233,
53155,ND233,
53157,ND233,
53156,ND233,
53239,ND233,
53241,ND233,
53240,ND233,
53231,ND233,
53233,ND233,
53232,ND233,
53237,ND233,
53236,ND233,
53222,ND233,
53224,ND233,
53223,ND233,
53227,ND233,
53229,ND233,
53228,ND233,
52208,NK009,
34315,ND566,
34316,ND566,
34317,ND566,
34321,ND566,
34322,ND566,
34323,ND566,
34324,ND566,
34325,ND566,
34326,ND566,
34327,ND566,
34328,ND566,
34329,ND566,
50591,NK232,
50621,NK232,
50610,NK232,
52226,ND566,
53361,ND566,
53362,ND566,
53363,ND566,
53364,ND566,
53365,ND566,
53366,ND566,
53369,ND566,
53370,ND566,
53371,ND566,
53372,ND566,
53373,ND566,
53374,ND566,
50593,NK232,
50620,NK232,
50611,NK232,
51561,NK009,
51562,NK009,
50594,NK232,
50617,NK232,
52691,ND566,
52692,ND566,
52693,ND566,
52694,ND566,
52695,ND566,
52696,ND566,
52697,ND566,
52698,ND566,
52699,ND566,
52700,ND566,
52701,ND566,
52702,ND566,
52703,ND566,
52704,ND566,
52705,ND566,
42228,ND566,
51540,NK009,
51550,NK009,
42231,ND566,
50589,NK232,
50619,NK232,
50609,NK232,
51583,NK009,
51584,NK009,
42234,ND566,
51549,NK009,
51513,NK009,
51579,NK009,
51580,NK009,
51596,NK009,
51512,NK009,
51490,NK009,
51491,NK009,
51493,NK009,
24485,ND566,
51494,NK009,
50843,ND566,
50844,ND566,
50845,ND566,
50846,ND566,
50847,ND566,
50848,ND566,
50849,ND566,
50850,ND566,
50851,ND566,
50852,ND566,
50853,ND566,
50854,ND566,
50855,ND566,
50856,ND566,
50857,ND566,
50858,ND566,
50859,ND566,
50860,ND566,
50643,ND566,
50644,ND566,
50645,ND566,
50640,ND566,
50641,ND566,
50642,ND566,
50637,ND566,
50638,ND566,
50639,ND566,
51016,ND566,
51017,ND566,
51015,ND566,
51019,ND566,
51020,ND566,
51021,ND566,
50791,ND566,
50792,ND566,
50793,ND566,
50794,ND566,
50795,ND566,
50796,ND566,
50797,ND566,
50798,ND566,
50799,ND566,
50871,ND566,
50872,ND566,
50873,ND566,
50874,ND566,
50875,ND566,
50876,ND566,
50821,ND566,
50822,ND566,
50823,ND566,
50824,ND566,
50825,ND566,
50826,ND566,
50827,ND566,
50828,ND566,
50829,ND566,
50830,ND566,
50831,ND566,
50832,ND566,
50833,ND566,
50834,ND566,
50835,ND566,
50836,ND566,
50837,ND566,
50838,ND566,
33848,ND566,
33849,ND566,
33850,ND566,
33863,ND566,
33864,ND566,
33865,ND566,
49623,ND566,
49622,ND566,
49572,ND566,
49574,ND566,
49570,ND566,
49575,ND566,
51542,NK009,
51551,NK009,
50218,ND566,
42229,ND566,
42232,ND566,
50217,ND566,
49144,ND566,
49146,ND566,
49147,ND566,
49177,ND566,
49178,ND566,
49179,ND566,
51804,ND566,
51841,ND566,
51814,ND566,
51851,ND566,
51824,ND566,
51861,ND566,
51785,ND566,
51798,ND566,
51739,ND566,
51496,NK009,
46327,ND643,
53499,ND643,
44852,ND643,
43321,ND643,
50186,ND566,
50193,ND566,
51895,ND566,
50174,ND566,
50191,ND566,
42539,ND566,
44827,ND566,
40859,ND566,
40861,ND566,
40863,ND566,
42543,ND566,
42541,ND566,
42538,ND566,
51884,ND566,
42668,ND566,
51377,ND566,
52837,ND566,
50179,ND566,
43305,ND566,
43190,ND566,
43191,ND566,
43315,ND566,
43316,ND566,
43248,ND566,
43249,ND566,
42666,ND566,
43085,ND566,
42661,ND566,
43086,ND566,
50215,ND566,
38013,ND566,
43082,ND566,
38019,ND566,
43083,ND566,
39581,ND566,
43084,ND566,
50219,ND566,
50192,ND566,
52367,ND566,
52834,ND566,
47715,ND566,
50190,ND566,
49239,ND566,
43294,ND566,
43081,ND566,
52846,ND566,
52855,ND566,
47716,ND566,
43306,ND566,
50216,ND566,
50185,ND566,
52370,ND566,
49240,ND566,
50214,ND566,
39428,ND566,
49241,ND566,
49242,ND566,
52845,ND566,
52848,ND566,
52849,ND566,
52854,ND566,
52865,ND566,
52860,ND566,
52861,ND566,
52866,ND566,
49277,ND566,
49278,ND566,
49279,ND566,
49280,ND566,
49281,ND566,
49282,ND566,
49243,ND566,
49283,ND566,
49284,ND566,
49285,ND566,
49286,ND566,
49287,ND566,
49288,ND566,
49289,ND566,
49290,ND566,
49291,ND566,
49292,ND566,
49293,ND566,
49155,ND566,
49156,ND566,
49157,ND566,
49158,ND566,
49159,ND566,
49160,ND566,
49294,ND566,
49318,ND566,
49319,ND566,
49320,ND566,
49321,ND566,
49322,ND566,
49323,ND566,
49324,ND566,
49325,ND566,
49326,ND566,
49327,ND566,
49328,ND566,
49329,ND566,
49330,ND566,
49331,ND566,
49332,ND566,
49333,ND566,
49334,ND566,
49335,ND566,
50152,ND566,
50153,ND566,
50154,ND566,
50155,ND566,
50156,ND566,
50157,ND566,
50158,ND566,
50159,ND566,
50160,ND566,
50161,ND566,
50162,ND566,
50163,ND566,
50164,ND566,
50165,ND566,
50166,ND566,
52839,ND566,
52840,ND566,
52851,ND566,
52305,ND566,
50201,ND566,
50202,ND566,
50203,ND566,
52307,ND566,
50204,ND566,
50205,ND566,
50206,ND566,
52842,ND566,
52843,ND566,
52366,ND566,
52372,ND566,
52369,ND566,
52383,ND566,
52379,ND566,
52384,ND566,
52394,ND566,
53433,ND566,
52396,ND566,
52399,ND566,
49244,ND566,
50180,ND566,
52852,ND566,
52393,ND566,
52688,ND566,
52398,ND566,
52387,ND566,
52388,ND566,
42544,ND566,
40858,ND566,
40913,ND566,
40914,ND566,
40912,ND566,
40904,ND566,
40910,ND566,
40911,ND566,
42536,ND566,
49627,ND566,
49626,ND566,
40872,ND566,
40873,ND566,
40874,ND566,
40875,ND566,
40876,ND566,
51906,ND566,
52009,ND566,
51998,ND566,
51984,ND566,
51971,ND566,
51957,ND566,
51946,ND566,
42998,ND566,
42999,ND566,
43000,ND566,
42997,ND566,
44372,ND566,
50173,ND566,
50178,ND566,
52306,ND566,
50177,ND566,
43297,ND566,
43293,ND566,
51378,ND566,
52836,ND566,
43301,ND566,
47714,ND566,
52354,ND566,
43039,ND249,
41940,ND249,
43038,ND249,
43042,ND249,
43041,ND249,
53090,ND233,
53092,ND233,
53088,ND233,
53087,ND233,
53089,ND233,
53083,ND233,
53085,ND233,
53084,ND233,
53049,ND233,
52491,NK232,
52490,NK232,
52674,NK232,
42547,NK232,
26383,NK232,
30151,NK232,
53431,NK232,
53432,NK232,
30092,NK232,
47410,NK232,
47411,NK232,
47412,NK232,
30420,NK232,
33234,NK232,
32048,NK232,
32050,NK232,
32419,NK232,
32071,NK232,
32072,NK232,
32439,NK232,
32440,NK232,
32437,NK232,
32175,NK232,
32110,NK232,
32112,NK232,
32109,NK232,
33542,NK232,
33413,NK232,
33272,NK232,
33560,NK232,
33203,NK232,
33282,NK232,
33412,NK232,
33314,NK232,
33313,NK232,
33074,NK232,
33076,NK232,
33075,NK232,
37182,NK232,
37183,NK232,
37184,NK232,
37185,NK232,
37186,NK232,
37012,NK232,
37106,NK232,
37107,NK232,
37718,NK232,
33825,NK232,
46467,NK232,
46469,NK232,
50788,NK232,
26034,NK232,
32494,NK232,
32502,NK232,
32455,NK232,
32452,NK232,
35328,NK232,
35392,NK232,
35391,NK232,
35305,NK232,
35312,NK232,
35313,NK232,
52144,NK232,
52229,NK232,
51438,NK232,
52145,NK232,
52230,NK232,
51439,NK232,
52272,NK232,
52265,NK232,
51081,NK232,
51048,NK232,
51050,NK232,
51116,NK232,
51117,NK232,
51059,NK232,
51204,NK232,
51055,NK232,
51057,NK232,
51119,NK232,
51056,NK232,
51120,NK232,
51173,NK232,
51172,NK232,
52347,NK232,
52250,NK232,
51436,NK232,
52143,NK232,
52228,NK232,
51437,NK232,
52237,NK232,
52309,NK232,
52311,NK232,
52310,NK232,
52346,NK232,
52293,NK232,
52296,NK232,
52142,NK232,
52298,NK232,
51658,NK232,
51448,NK232,
52236,NK232,
52273,NK232,
52267,NK232,
52238,NK232,
52284,NK232,
52269,NK232,
52245,NK232,
52308,NK232,
52299,NK232,
52231,NK232,
52232,NK232,
51665,NK232,
52255,NK232,
52637,NK232,
50899,NK232,
52802,NK232,
52807,NK232,
52752,NK232,
52751,NK232,
51289,NK232,
49580,NK232,
49873,NK232,
52743,NK232,
50289,NK232,
53346,NK232,
53344,NK232,
53342,NK232,
53341,NK232,
53249,NK232,
53254,NK232,
53259,NK232,
53262,NK232,
52805,NK232,
52321,NK232,
52322,NK232,
52341,NK232,
52320,NK232,
52316,NK232,
52312,NK232,
52323,NK232,
52317,NK232,
52340,NK232,
52355,NK232,
52313,NK232,
52315,NK232,
52344,NK232,
52351,NK232,
52348,NK232,
52318,NK232,
52319,NK232,
52350,NK232,
52324,NK232,
52325,NK232,
52405,NK232,
52404,NK232,
52412,NK232,
52410,NK232,
52415,NK232,
52434,NK232,
52436,NK232,
52435,NK232,
52407,NK232,
52359,NK232,
52359,NK232,
52360,NK232,
52360,NK232,
52361,NK232,
52361,NK232,
52431,NK232,
52431,NK232,
52432,NK232,
52432,NK232,
52433,NK232,
52433,NK232,
52422,NK232,
52422,NK232,
52423,NK232,
52423,NK232,
52424,NK232,
52424,NK232,
52358,NK232,
52429,NK232,
52425,NK232,
52428,NK232,
52442,NK232,
52444,NK232,
52437,NK232,
52440,NK232,
52439,NK232,
52450,NK232,
52689,NK232,
52713,NK232,
52711,NK232,
52710,NK232,
52675,NK232,
52676,NK232,
52684,NK232,
52685,NK232,
52680,NK232,
52678,NK232,
49117,NK232,
31693,NK232,
31694,NK232,
31763,NK232,
31762,NK232,
31764,NK232,
31624,NK232,
31623,NK232,
31625,NK232,
31770,NK232,
31769,NK232,
31881,NK232,
31882,NK232,
31883,NK232,
52829,NK232,
52798,NK232,
52794,NK232,
52799,NK232,
52863,NK232,
43195,NK232,
52753,NK232,
52754,NK232,
52672,NK232,
52806,NK232,
52814,NK232,
52813,NK232,
25651,NK232,
37621,NK232,
37622,NK232,
25653,NK232,
37619,NK232,
53427,NK232,
45117,NK232,
51380,NK232,
49917,NK232,
51049,NK232,
51027,NK232,
37630,NK232,
37630,NK232,
36725,NK232,
52414,NK232,
52417,NK232,
52416,NK232,
52357,NK232,
51009,NK232,
51014,NK232,
52744,NK232,
53039,NK232,
52796,NK232,
53037,NK232,
53032,NK232,
52989,NK232,
52821,NK232,
52822,NK232,
53017,NK232,
53041,NK232,
52668,NK232,
52667,NK232,
52809,NK232,
52812,NK232,
52817,NK232,
52795,NK232,
52793,NK232,
52745,NK232,
52815,NK232,
52750,NK232,
52825,NK232,
52867,NK232,
44408,NK232,
53727,NK232,
53726,NK232,
53711,NK232,
53650,NK232,
53724,NK232,
53732,NK232,
53734,NK232,
53729,NK232,
53728,NK232,
52801,NK232,
53753,NK232,
36365,NK232,
36428,NK232,
36436,NK232,
36438,NK232,
36440,NK232,
36441,NK232,
36442,NK232,
36443,NK232,
36432,NK232,
36433,NK232,
36434,NK232,
40915,NK232,
53776,NK232,
53760,NK232,
53762,NK232,
53772,NK232,
53768,NK232,
53766,NK232,
53773,NK232,
53779,NK232,
53757,NK232,
53780,NK232,
53764,NK232,
53759,NK232,
53781,NK232,
53737,NK232,
53754,NK232,
53756,NK232,
53755,NK232,
53738,NK232,
39543,NK232,
49176,NK232,
36697,NK232,
53636,NK232,
53600,NK232,
53638,NK232,
53641,NK232,
53542,NK232,
53539,NK232,
53632,NK232,
53634,NK232,
53546,NK232,
53544,NK232,
53627,NK232,
53556,NK232,
53628,NK232,
53557,NK232,
53629,NK232,
53558,NK232,
53630,NK232,
53538,NK232,
53548,NK232,
53540,NK232,
53541,NK232,
53550,NK232,
52761,NK232,
52762,NK232,
52763,NK232,
52749,NK232,
52758,NK232,
52759,NK232,
49837,NK232,
53654,NK232,
53657,NK232,
53658,NK232,
53659,NK232,
53688,NK232,
53689,NK232,
53690,NK232,
53691,NK232,
53692,NK232,
53695,NK232,
53694,NK232,
53697,NK232,
53698,NK232,
53699,NK232,
53702,NK232,
53703,NK232,
53716,NK232,
53720,NK232,
53719,NK232,
53723,NK232,
53721,NK232,
52988,NK232,
52880,NK232,
52986,NK232,
52944,NK232,
52889,NK232,
52878,NK232,
52960,NK232,
52898,NK232,
52921,NK232,
52915,NK232,
52925,NK232,
52818,NK232,
52890,NK232,
52816,NK232,
49611,NK232,
53532,NK232,
53519,NK232,
52329,ND252,
52334,ND252,
52336,ND252,
52328,ND252,
52333,ND252,
52338,ND252,
52327,ND252,
52332,ND252,
52335,ND252,
52719,ND252,
52722,ND252,
52721,ND252,
52723,ND252,
52731,ND252,
52732,ND252,
52727,ND252,
52729,ND252,
52728,ND252,
52730,ND252,
52725,ND252,
52726,ND252,
52735,ND252,
52736,ND252,
52733,ND252,
52734,ND252,
52987,ND252,
52891,ND252,
52892,ND252,
52894,ND252,
52895,ND252,
52896,ND252,
52897,ND252,
52911,ND252,
52985,ND252,
52964,ND252,
52920,ND252,
52918,ND252,
52913,ND252,
52912,ND252,
52923,ND252,
52914,ND252,
52991,ND252,
53027,NK009,
53034,NK009,
53033,NK009,
53036,NK009,
53035,NK009,
53005,NK009,
53040,NK009,
52990,NK009,
53009,NK009,
52992,NK009,
53042,NK009,
53045,NK009,
53038,NK009,
52922,NK009,
53531,NK009,
50999,NK009,
43998,NK009,
43997,NK009,
43830,NK009,
43987,NK009,
51029,ND252,
52445,ND252,
52203,ND252,
50940,ND252,
50952,ND252,
50942,ND252,
50946,ND252,
50953,ND252,
50950,ND252,
50954,ND252,
50949,ND252,
51348,ND252,
52485,ND252,
52179,ND252,
52180,ND252,
51432,ND252,
45003,ND252,
45000,ND252,
52755,ND252,
52808,ND252,
52811,ND252,
52810,ND252,
52106,ND252,
52105,ND252,
52108,ND252,
52107,ND252,
52110,ND252,
52109,ND252,
52165,ND252,
52159,ND252,
52111,ND252,
52114,ND252,
52167,ND252,
52161,ND252,
52201,ND252,
52162,ND252,
52113,ND252,
52164,ND252,
52163,ND252,
52172,ND252,
52212,ND252,
52181,ND252,
51660,ND252,
51003,ND252,
51008,ND252,
51007,ND252,
51006,ND252,
51072,ND252,
53455,ND252,
53448,ND252,
53447,ND252,
52872,ND252,
52875,ND252,
52870,ND252,
52876,ND252,
51073,ND252,
51074,ND252,
51051,ND252,
51089,ND252,
51094,ND252,
51092,ND252,
51096,ND252,
51025,ND252,
51031,ND252,
51085,ND252,
53745,ND252,
53743,ND252,
53747,ND252,
53746,ND252,
52873,ND252,
52877,ND252,
52871,ND252,
52874,ND252,
51369,ND252,
51174,ND252,
51367,ND252,
51366,ND252,
51176,ND252,
51180,ND252,
51365,ND252,
51364,ND252,
51195,ND252,
51196,ND252,
51198,ND252,
51194,ND252,
51192,ND252,
51190,ND252,
51193,ND252,
51181,ND252,
51177,ND252,
51175,ND252,
51187,ND252,
51186,ND252,
51182,ND252,
51185,ND252,
51188,ND252,
51178,ND252,
51179,ND252,
51191,ND252,
51189,ND252,
51183,ND252,
51184,ND252,
51200,ND252,
51197,ND252,
51199,ND252,
51202,ND252,
51203,ND252,
52177,ND252,
52178,ND252,
51430,ND252,
51431,ND252,
51422,ND252,
53748,ND252,
53751,ND252,
44924,ND252,
51320,ND252,
51319,ND252,
51360,ND252,
51359,ND252,
51321,ND252,
51333,ND252,
51075,ND252,
51076,ND252,
51080,ND252,
51086,ND252,
51079,ND252,
51088,ND252,
51093,ND252,
51095,ND252,
51103,ND252,
51104,ND252,
51114,ND252,
51090,ND252,
51115,ND252,
51112,ND252,
51113,ND252,
51098,ND252,
51107,ND252,
51099,ND252,
51108,ND252,
51109,ND252,
51101,ND252,
51110,ND252,
51102,ND252,
51030,ND252,
52624,ND252,
53653,ND252,
53649,ND252,
53651,ND252,
53652,ND252,
52176,ND252,
51071,ND252,
53219,ND252,
53217,ND252,
51318,ND252,
44820,ND252,
44601,ND252,
44643,ND252,
44652,ND252,
13832,ND643,
51011,ND643,
52151,ND643,
52409,ND643,
52833,ND643,
50912,ND643,
43276,ND643,
51244,ND643,
53739,ND643,
46208,ND643,
51035,ND643,
17360,ND643,
46072,ND266,
53380,ND266,
53381,ND266,
53382,ND266,
53383,ND266,
53384,ND266,
53385,ND266,
52186,ND266,
52182,ND266,
52183,ND266,
52184,ND266,
52185,ND266,
52192,ND266,
52196,ND266,
52197,ND266,
52198,ND266,
52188,ND266,
52189,ND266,
52190,ND266,
52191,ND266,
52187,ND266,
52193,ND266,
52194,ND266,
52195,ND266,
52202,ND266,
52206,ND266,
52207,ND266,
45628,ND266,
53713,ND266,
53714,ND266,
53715,ND266,
53717,ND266,
53718,ND266,
53712,ND266,
53706,ND266,
53705,ND266,
53707,ND266,
53708,ND266,
53709,ND266,
53710,ND266,
50970,ND266,
51004,ND266,
51000,ND266,
51005,ND266,
50997,ND266,
51002,ND266,
50967,ND266,
50968,ND266,
51379,ND266,
51381,ND266,
51382,ND266,
51385,ND266,
51383,ND266,
51386,ND266,
51615,ND266,
51614,ND266,
51613,ND266,
51612,ND266,
51607,ND266,
51610,ND266,
51611,ND266,
51609,ND266,
51608,ND266,
51039,ND266,
51040,ND266,
51041,ND266,
51043,ND266,
51044,ND266,
51045,ND266,
50938,ND250,
50936,ND250,
50937,ND250,
50939,ND250,
51433,ND250,
51655,ND250,
51654,ND250,
13238,ND250,
53676,ND250,
53675,ND250,
53670,ND250,
53669,ND250,
53664,ND250,
53665,ND250,
53667,ND250,
53668,ND250,
53358,ND250,
53367,ND250,
53357,ND250,
53356,ND250,
51397,ND266,
51398,ND266,
51417,ND266,
51418,ND266,
51393,ND266,
51394,ND266,
51408,ND266,
51409,ND266,
51399,ND266,
51400,ND266,
51414,ND266,
51415,ND266,
51391,ND266,
51392,ND266,
51405,ND266,
51406,ND266,
51395,ND266,
51396,ND266,
51420,ND266,
51421,ND266,
51402,ND266,
51403,ND266,
51411,ND266,
51412,ND266,
42395,ND250,
50930,ND266,
50931,ND266,
50932,ND266,
50929,ND266,
50933,ND266,
50934,ND266,
50935,ND266,
50913,ND266,
50923,ND266,
50925,ND266,
50927,ND266,
50914,ND266,
50919,ND266,
50921,ND266,
50916,ND266,
50917,ND266,
50918,ND266,
50915,ND266,
50924,ND266,
50926,ND266,
50928,ND266,
50922,ND266,
53028,ND266,
53030,ND266,
53029,ND266,
53031,ND266,
53679,ND266,
53674,ND266,
53678,ND266,
53677,ND266,
53672,ND266,
53666,ND266,
53673,ND266,
53671,ND266,
52844,ND566,
52847,ND566,
52853,ND566,
52859,ND566,
52838,ND566,
52850,ND566,
42396,ND566,
52841,ND566,
52910,ND566,
52365,ND566,
52371,ND566,
52368,ND566,
52382,ND566,
52377,ND566,
52386,ND566,
52392,ND566,
52395,ND566,
52397,ND566,
51022,ND566,
51018,ND566,
51746,ND566,
51759,ND566,
51772,ND566,
51917,ND566,
51939,ND566,
51928,ND566,
53011,NK009,
52864,ND566,
53442,ND266,
53443,ND266,
53441,ND266,
53444,ND266,
53436,ND266,
53434,ND266,
53435,ND266,
53439,ND266,
53437,ND266,
53438,ND266,
51334,ND566,
53740,ND566,
53742,ND566,
51376,ND566,
52835,ND566,
52856,ND566,
52353,ND566,
18986,ND252,
51097,ND252,
52171,ND252,
52204,ND252,
52211,ND252,
52205,ND252,
52215,ND252,
52214,ND252,
52225,ND252,
52174,ND252,
52175,ND252,
52173,ND252,
52209,ND252,
52210,ND252,
52213,ND252,
52103,ND252,
52104,ND252,
52102,ND252,
52101,ND252,
52200,ND252,
52199,ND252,
51053,ND252,
52804,ND252,
52803,ND252,
52819,ND252,
52756,ND252,
51100,ND252,
51106,ND252,
51111,ND252,
51105,ND252,
53782,ND252,
53783,ND252,
53733,ND252,
53752,ND252,
51434,ND252,
51063,ND252,
51066,ND252,
51069,ND252,
51065,ND252,
51067,ND252,
51070,ND252,
51068,ND252,
51091,ND252,
40260,ND249,
50897,ND249,
50898,ND249,
52421,ND249,
52408,ND249,
52419,ND249,
52418,ND249,
52420,ND249,
52800,ND249,
52757,ND249,
53516,ND249,
50960,ND249,
50961,ND249,
50959,ND249,
50956,ND249,
50957,ND249,
50964,ND249,
50966,ND249,
50962,ND249,
50965,ND249,
50958,ND249,
50996,ND249,
52356,ND249,
52330,ND249,
52487,ND249,
52443,ND249,
52449,ND249,
52447,ND249,
51060,ND249,
51064,ND249,
53647,ND249,
52271,ND249,
51661,ND249,
51663,ND249,
52112,ND249,
50719,ND249,
50720,ND249,
51375,ND249,
50900,ND249,
50782,ND249,
26992,ND249,
50117,ND249,
53517,ND249,
53504,ND249,
53549,ND249,
53545,ND249,
51368,ND249,
53386,ND249,
52671,ND249,
52666,ND249,
52664,ND249,
52712,ND249,
52663,ND249,
52670,ND249,
52665,ND249,
51047,ND249,
51046,ND249,
7497,ND249,
53735,ND249,
53656,ND249,
53655,ND249,
52489,ND249,
52345,ND249,
52636,ND249,
53518,ND249,
51171,ND249,
52148,ND249,
52147,ND249,
51440,ND249,
52146,ND249,
52127,ND249,
51647,ND251,
51644,ND251,
51649,ND251,
51645,ND251,
51435,ND251,
53354,ND250,
53355,ND250,
53778,ND250,
53775,ND250,
30060,ND251,
51646,ND251,
51648,ND251,
52687,ND251,
52686,ND251,
51599,NK009,
51545,NK009,
51603,NK009,
51566,NK009,
51486,NK009,
51487,NK009,
51479,NK009,
51555,NK009,
51558,NK009,
51602,NK009,
51534,NK009,
51547,NK009,
51492,NK009,
51464,NK009,
51471,NK009,
51480,NK009,
51484,NK009,
51541,NK009,
51522,NK009,
51585,NK009,
51586,NK009,
51519,NK009,
51472,NK009,
51476,NK009,
51568,NK009,
51572,NK009,
51594,NK009,
51485,NK009,
51465,NK009,
51457,NK009,
51460,NK009,
41115,NK009,
41104,NK009,
41111,NK009,
41100,NK009,
51505,NK009,
51509,NK009,
51453,NK009,
51458,NK009,
51459,NK009,
51559,NK009,
51563,NK009,
5137,NK009,
51535,NK009,
51548,NK009,
51488,NK009,
51489,NK009,
52939,ND233,
52953,ND233,
52955,ND233,
52956,ND233,
52342,ND233,
52343,ND233,
52400,ND233,
52401,ND233,
52402,ND233,
52403,ND233,
52488,ND233,
52942,ND233,
52943,ND233,
52962,ND233,
53094,ND233,
52946,ND233,
53078,ND233,
52950,ND233,
52959,ND233,
53096,ND233,
52963,ND233,
52940,ND233,
52952,ND233,
52949,ND233,
53086,ND233,
52958,ND233,
53235,ND233,
52947,ND233,
53079,ND233,
53093,ND233,
53091,ND233,
49778,EA052,
49789,EA052,
49782,EA052,
45079,ND233,
45080,ND233,
45078,ND233,
45280,ND233,
45298,ND233,
45289,ND233,
45282,ND233,
45281,ND233,
45283,ND233,
45328,ND233,
45330,ND233,
45327,ND233,
45326,ND233,
45325,ND233,
46397,ND233,
46144,ND233,
46348,ND233,
46415,ND233,
46414,ND233,
46416,ND233,
45331,ND233,
12602,ND237,
44829,ND237,
44412,ND237,
49819,ND237,
46281,ND237,
26769,ND237,
41967,ND240,
39375,ND240,
41720,ND240,
41721,ND240,
41719,ND240,
41966,ND240,
49468,ND240,
41723,ND240,
49473,ND240,
39379,ND240,
39380,ND240,
47402,ND248,
44201,ND249,
44197,ND249,
44200,ND249,
44199,ND249,
44198,ND249,
44203,ND249,
44196,ND249,
44195,ND249,
44194,ND249,
37496,ND249,
35857,ND249,
37476,ND249,
31618,ND249,
31620,ND249,
1628,ND249,
1660,ND249,
1632,ND249,
1642,ND249,
1629,ND249,
1683,ND249,
41711,ND249,
1626,ND249,
40261,ND249,
42481,ND249,
50273,ND249,
50270,ND249,
50277,ND249,
50279,ND249,
7507,ND249,
7501,ND249,
26221,ND249,
36883,ND249,
7499,ND249,
30399,ND249,
40071,ND249,
41595,ND249,
27435,ND249,
39374,ND249,
7503,ND249,
1634,ND249,
37759,ND249,
40366,ND249,
40368,ND249,
39202,ND249,
7468,ND249,
1624,ND249,
29273,ND249,
42945,ND249,
41725,ND249,
41606,ND249,
41607,ND249,
41605,ND249,
41603,ND249,
7491,ND249,
47988,ND249,
14649,ND249,
49362,ND249,
47986,ND249,
1717,ND249,
43019,ND249,
43151,ND249,
1702,ND249,
32608,ND249,
37018,ND249,
29617,ND249,
1743,ND249,
42278,ND249,
44673,ND249,
37540,ND249,
39965,ND249,
42862,ND249,
44335,ND249,
30374,ND249,
43366,ND249,
43347,ND249,
38035,ND249,
38033,ND249,
38034,ND249,
49600,ND249,
49550,ND249,
50659,ND249,
50657,ND249,
50658,ND249,
44669,ND249,
46430,ND249,
42434,ND249,
33254,ND249,
39723,ND249,
29619,ND249,
1742,ND249,
42995,ND249,
43002,ND249,
42749,ND249,
44371,ND249,
50038,ND249,
50036,ND249,
50039,ND249,
50065,ND249,
50054,ND249,
50129,ND249,
50132,ND249,
50133,ND249,
44654,ND249,
45302,ND249,
33236,ND249,
42893,ND249,
42867,ND249,
42500,ND249,
42504,ND249,
42561,ND249,
37473,ND249,
37477,ND249,
37536,ND249,
40257,ND249,
42762,ND249,
43183,ND249,
50125,ND249,
50294,ND249,
50288,ND249,
50291,ND249,
50146,ND249,
44670,ND249,
45633,ND249,
45306,ND249,
45431,ND249,
13201,ND249,
41602,ND249,
37543,ND249,
40657,ND249,
42273,ND249,
41604,ND249,
49857,ND249,
49860,ND249,
49856,ND249,
49861,ND249,
49848,ND249,
49851,ND249,
49859,ND249,
49843,ND249,
44672,ND249,
45322,ND249,
46438,ND249,
7509,ND249,
17842,ND249,
49854,ND249,
39774,ND249,
39776,ND249,
39777,ND249,
31223,ND249,
46329,ND249,
46145,ND249,
37766,ND249,
26964,ND249,
26974,ND249,
26972,ND249,
26978,ND249,
26976,ND249,
26980,ND249,
26986,ND249,
26988,ND249,
26982,ND249,
39586,ND249,
49766,ND249,
45324,ND249,
45323,ND249,
42276,ND249,
50748,ND249,
50755,ND249,
50749,ND249,
50750,ND249,
41912,ND249,
23928,ND249,
37981,ND249,
43240,ND249,
42247,ND249,
31614,ND249,
48046,ND249,
49130,ND249,
47695,ND249,
49132,ND249,
49376,ND249,
49022,ND249,
48055,ND249,
50037,ND249,
50040,ND249,
49131,ND249,
48389,ND249,
48054,ND249,
48377,ND249,
47794,ND249,
41702,ND249,
1736,ND249,
43538,ND249,
43540,ND249,
30434,ND249,
29952,ND249,
30028,ND249,
43149,ND249,
36865,ND249,
36862,ND249,
36779,ND249,
41954,ND249,
50269,ND249,
41969,ND249,
41970,ND249,
41704,ND249,
41705,ND249,
42016,ND249,
42017,ND249,
42040,ND249,
29035,ND249,
29041,ND249,
29033,ND249,
43037,ND249,
42282,ND249,
29270,ND249,
39850,ND249,
39851,ND249,
39852,ND249,
39849,ND249,
33731,ND249,
37542,ND249,
42290,ND249,
43539,ND249,
41938,ND249,
41937,ND249,
41601,ND249,
41936,ND249,
42763,ND249,
42974,ND249,
50272,ND249,
50274,ND249,
31443,ND249,
31444,ND249,
31446,ND249,
42988,ND249,
42989,ND249,
42041,ND249,
30741,ND249,
31219,ND249,
30769,ND249,
28195,ND249,
46441,ND249,
46436,ND249,
46439,ND249,
43096,ND249,
37769,ND249,
37767,ND249,
37768,ND249,
13374,ND249,
13380,ND249,
30378,ND249,
27654,ND249,
43557,ND250,
33684,ND250,
33685,ND250,
33534,ND250,
33535,ND250,
33536,ND250,
33537,ND250,
33538,ND250,
33539,ND250,
33540,ND250,
33697,ND250,
38940,ND250,
38939,ND250,
38938,ND250,
33427,ND250,
33428,ND250,
48376,ND250,
44349,ND250,
48375,ND250,
38948,ND250,
29335,ND250,
29333,ND250,
29326,ND250,
29331,ND250,
32503,ND250,
32025,ND250,
32026,ND250,
32027,ND250,
32028,ND250,
38950,ND250,
38951,ND250,
38949,ND250,
39018,ND250,
2289,ND251,
30375,ND251,
30807,ND251,
30808,ND251,
45303,ND251,
45304,ND251,
45300,ND251,
45301,ND251,
50762,ND251,
50770,ND251,
50759,ND251,
50760,ND251,
48878,ND252,
17822,ND252,
17396,ND252,
46471,ND252,
46449,ND252,
46450,ND252,
46448,ND252,
24113,ND252,
41667,ND252,
1786,ND252,
32278,ND252,
45049,ND252,
45041,ND252,
45048,ND252,
45042,ND252,
39099,ND252,
41747,ND252,
43325,ND252,
24178,ND252,
49828,ND252,
48838,ND252,
32609,ND252,
45255,ND252,
45063,ND252,
45061,ND252,
45064,ND252,
43053,ND252,
45066,ND252,
42508,ND252,
37974,ND252,
43229,ND252,
44954,ND252,
24376,ND252,
49720,ND252,
49447,ND252,
44671,ND252,
46486,ND252,
46452,ND252,
37970,ND252,
37971,ND252,
37976,ND252,
39594,ND252,
49377,ND252,
49378,ND252,
29268,ND252,
49459,ND252,
49384,ND252,
49750,ND252,
49125,ND252,
26219,ND252,
26217,ND252,
44917,ND252,
14102,ND252,
37963,ND252,
49261,ND252,
37912,ND252,
35384,ND252,
35385,ND252,
47605,ND252,
42549,ND252,
41939,ND252,
44588,ND252,
44644,ND252,
44634,ND252,
44641,ND252,
44636,ND252,
44602,ND252,
44661,ND252,
44630,ND252,
44598,ND252,
44645,ND252,
44651,ND252,
44658,ND252,
44626,ND252,
44657,ND252,
44625,ND252,
44659,ND252,
44653,ND252,
44660,ND252,
44663,ND252,
44655,ND252,
44656,ND252,
44664,ND252,
44646,ND252,
44647,ND252,
44668,ND252,
48727,ND252,
49364,ND252,
49363,ND252,
32418,ND252,
41743,ND252,
13197,ND252,
18984,ND252,
24115,ND252,
37977,ND252,
26994,ND252,
26996,ND252,
27016,ND252,
37961,ND252,
37960,ND252,
41665,ND252,
44916,ND252,
41649,ND252,
35487,ND252,
44918,ND252,
44920,ND252,
44919,ND252,
26275,ND252,
44675,ND252,
46422,ND252,
46419,ND252,
46423,ND252,
49366,ND252,
49370,ND252,
49371,ND252,
49375,ND252,
49455,ND252,
49260,ND252,
49767,ND252,
49448,ND252,
49383,ND252,
49460,ND252,
49262,ND252,
49761,ND252,
49721,ND252,
49004,ND252,
49007,ND252,
49008,ND252,
49749,ND252,
49758,ND252,
49756,ND252,
49757,ND252,
49818,ND252,
49464,ND252,
49463,ND252,
49764,ND252,
49762,ND252,
49456,ND252,
37999,ND252,
46331,ND252,
32506,ND252,
33676,ND252,
33693,ND252,
37474,ND252,
37475,ND252,
37472,ND252,
37479,ND252,
50121,ND252,
50120,ND252,
46427,ND252,
46425,ND252,
46426,ND252,
30338,ND252,
30269,ND252,
30284,ND252,
30349,ND252,
42835,ND252,
45062,ND252,
44915,ND252,
44952,ND252,
44951,ND252,
44953,ND252,
44943,ND252,
43550,ND252,
46330,ND252,
46332,ND252,
41648,ND252,
44582,ND252,
44584,ND252,
44583,ND252,
44473,ND252,
44472,ND252,
44471,ND252,
44470,ND252,
47607,ND252,
47618,ND252,
50122,ND252,
50123,ND252,
47614,ND252,
33661,ND252,
29989,ND252,
45828,ND266,
45884,ND266,
45886,ND266,
45887,ND266,
45890,ND266,
45947,ND266,
45498,ND266,
46073,ND266,
49006,ND266,
49005,ND266,
49003,ND266,
46007,ND266,
46009,ND266,
46010,ND266,
46012,ND266,
46004,ND266,
46013,ND266,
45946,ND266,
45554,ND266,
45555,ND266,
45557,ND266,
45629,ND266,
45630,ND266,
45499,ND266,
45567,ND266,
45631,ND266,
45626,ND266,
45497,ND266,
45627,ND266,
45400,ND266,
46265,ND266,
45430,ND266,
47654,ND266,
47655,ND266,
47656,ND266,
45768,ND266,
45769,ND266,
47650,ND266,
47649,ND266,
47648,ND266,
47647,ND266,
46205,ND266,
46206,ND266,
46207,ND266,
46209,ND266,
46210,ND266,
46204,ND266,
46266,ND266,
46267,ND266,
46268,ND266,
46269,ND266,
46270,ND266,
45948,ND266,
46003,ND266,
46005,ND266,
46006,ND266,
46008,ND266,
43245,ND266,
38574,ND266,
38575,ND266,
39025,ND266,
39024,ND266,
40066,ND266,
40065,ND266,
40064,ND266,
40063,ND266,
40067,ND266,
40068,ND266,
40069,ND266,
40070,ND266,
42775,ND266,
42777,ND266,
42778,ND266,
42779,ND266,
46411,ND266,
46410,ND266,
42310,ND266,
43732,ND266,
43729,ND266,
43730,ND266,
42236,ND266,
36584,ND266,
14845,ND266,
38945,ND266,
44826,ND266,
36669,ND266,
36670,ND266,
36581,ND266,
42437,ND266,
43001,ND266,
42238,ND266,
42237,ND266,
39745,ND266,
40059,ND266,
40061,ND266,
40062,ND266,
40060,ND266,
7283,ND266,
29621,ND266,
39639,ND266,
39638,ND266,
1843,ND417,
1817,ND417,
22576,ND417,
49887,ND417,
37978,ND417,
37968,ND417,
35489,ND417,
35292,ND417,
35488,ND417,
37481,ND417,
39734,ND417,
35317,ND417,
37421,ND417,
46334,ND417,
43623,ND417,
40322,ND417,
35318,ND417,
42902,ND417,
42906,ND417,
1858,ND417,
1850,ND417,
18895,ND417,
18917,ND417,
18915,ND417,
17816,ND417,
17818,ND417,
17820,ND417,
17399,ND417,
17398,ND417,
17814,ND417,
50451,ND417,
43277,ND417,
50780,ND417,
50781,ND417,
1773,ND417,
32176,ND417,
45045,ND417,
44987,ND417,
44985,ND417,
44986,ND417,
44984,ND417,
45031,ND417,
45021,ND417,
45007,ND417,
45006,ND417,
45001,ND417,
45004,ND417,
45005,ND417,
45025,ND417,
45026,ND417,
45024,ND417,
44995,ND417,
44992,ND417,
44991,ND417,
44998,ND417,
44990,ND417,
44988,ND417,
45039,ND417,
45040,ND417,
45044,ND417,
45020,ND417,
45019,ND417,
45035,ND417,
45036,ND417,
45043,ND417,
45022,ND417,
45023,ND417,
45018,ND417,
45017,ND417,
45058,ND417,
45060,ND417,
45002,ND417,
44996,ND417,
44997,ND417,
44994,ND417,
44993,ND417,
45053,ND417,
45051,ND417,
45052,ND417,
45038,ND417,
37327,ND417,
24378,ND417,
24386,ND417,
24382,ND417,
24380,ND417,
44376,ND417,
44375,ND417,
39781,ND417,
39782,ND417,
39779,ND417,
39780,ND417,
29266,ND417,
37424,ND417,
42752,ND417,
42751,ND417,
48756,ND417,
48763,ND417,
48764,ND417,
48752,ND417,
49014,ND417,
48779,ND417,
48753,ND417,
48751,ND417,
48876,ND417,
50296,ND417,
50295,ND417,
29777,ND417,
32604,ND417,
32613,ND417,
32612,ND417,
42405,ND417,
42404,ND417,
45271,ND417,
45269,ND417,
45270,ND417,
45275,ND417,
45277,ND417,
45276,ND417,
45272,ND417,
45274,ND417,
39795,ND417,
44933,ND417,
42832,ND417,
42831,ND417,
42834,ND417,
42800,ND417,
42833,ND417,
42785,ND417,
42795,ND417,
42788,ND417,
42796,ND417,
43202,ND417,
44819,ND417,
44866,ND417,
44911,ND417,
44910,ND417,
44888,ND417,
44887,ND417,
44912,ND417,
44904,ND417,
44896,ND417,
44895,ND417,
44925,ND417,
44899,ND417,
44901,ND417,
44922,ND417,
44923,ND417,
42202,ND417,
50074,ND417,
50076,ND417,
50275,ND417,
24384,ND417,
42896,ND417,
24374,ND417,
42753,ND417,
33665,ND417,
44914,ND417,
44905,ND417,
44908,ND417,
44913,ND417,
44909,ND417,
44906,ND417,
46472,ND417,
46473,ND417,
49891,ND417,
49892,ND417,
37870,ND417,
43251,ND417,
40655,ND417,
40654,ND417,
41717,ND417,
44823,ND417,
44824,ND417,
44822,ND417,
44821,ND417,
33659,ND417,
42754,ND417,
30274,ND417,
44001,ND417,
43996,ND417,
44000,ND417,
31454,ND417,
31462,ND417,
31460,ND417,
44869,ND417,
41833,ND417,
41897,ND417,
7423,ND417,
14104,ND417,
14002,ND417,
22451,ND417,
42897,ND417,
44955,ND417,
41666,ND417,
47611,ND417,
47606,ND417,
47477,ND417,
47476,ND417,
47610,ND417,
30030,ND417,
29975,ND417,
44825,ND417,
27355,ND417,
42509,ND417,
44586,ND417,
44587,ND417,
44637,ND417,
44594,ND417,
44590,ND417,
44640,ND417,
44605,ND417,
44606,ND417,
44597,ND417,
44599,ND417,
44608,ND417,
44593,ND417,
44649,ND417,
44607,ND417,
44592,ND417,
44609,ND417,
44591,ND417,
44648,ND417,
44589,ND417,
44596,ND417,
44595,ND417,
44617,ND417,
44623,ND417,
44621,ND417,
44613,ND417,
44614,ND417,
44631,ND417,
44618,ND417,
44619,ND417,
44624,ND417,
44622,ND417,
44604,ND417,
44603,ND417,
44642,ND417,
44610,ND417,
44632,ND417,
44633,ND417,
44612,ND417,
44635,ND417,
44611,ND417,
44616,ND417,
44620,ND417,
44627,ND417,
44629,ND417,
44615,ND417,
48733,ND417,
39307,ND417,
29739,ND417,
50706,ND417,
37986,ND417,
44870,ND417,
42863,ND417,
25160,ND566,
25161,ND566,
25168,ND566,
25169,ND566,
25172,ND566,
25173,ND566,
25176,ND566,
25177,ND566,
25180,ND566,
25181,ND566,
25184,ND566,
25185,ND566,
25192,ND566,
25193,ND566,
25196,ND566,
25197,ND566,
25200,ND566,
25201,ND566,
26687,ND566,
26688,ND566,
26690,ND566,
26691,ND566,
26698,ND566,
26699,ND566,
26702,ND566,
26703,ND566,
26706,ND566,
26707,ND566,
30760,ND566,
30761,ND566,
34303,ND566,
34304,ND566,
34305,ND566,
34306,ND566,
34307,ND566,
34308,ND566,
34309,ND566,
34310,ND566,
34311,ND566,
34312,ND566,
34313,ND566,
34314,ND566,
34318,ND566,
34319,ND566,
34320,ND566,
50726,ND566,
50727,ND566,
50728,ND566,
50729,ND566,
50730,ND566,
50731,ND566,
50732,ND566,
50733,ND566,
50734,ND566,
50735,ND566,
50736,ND566,
50737,ND566,
50738,ND566,
50739,ND566,
50740,ND566,
50523,ND566,
50526,ND566,
50527,ND566,
50528,ND566,
50529,ND566,
24484,ND566,
24474,ND566,
24475,ND566,
24476,ND566,
24480,ND566,
24477,ND566,
24478,ND566,
24481,ND566,
24482,ND566,
24483,ND566,
24486,ND566,
24487,ND566,
24488,ND566,
24489,ND566,
24490,ND566,
24491,ND566,
24492,ND566,
24493,ND566,
24502,ND566,
50887,ND566,
50888,ND566,
50889,ND566,
50890,ND566,
50891,ND566,
50892,ND566,
33729,ND566,
33710,ND566,
33711,ND566,
33712,ND566,
33713,ND566,
33714,ND566,
33715,ND566,
33716,ND566,
33717,ND566,
33718,ND566,
33719,ND566,
33720,ND566,
33721,ND566,
33722,ND566,
33723,ND566,
33724,ND566,
33725,ND566,
33726,ND566,
33727,ND566,
33728,ND566,
33730,ND566,
33752,ND566,
33733,ND566,
33734,ND566,
33735,ND566,
33736,ND566,
33737,ND566,
33738,ND566,
33739,ND566,
33740,ND566,
33741,ND566,
33742,ND566,
33743,ND566,
33744,ND566,
33745,ND566,
33746,ND566,
33747,ND566,
33748,ND566,
33749,ND566,
33750,ND566,
33751,ND566,
33753,ND566,
33851,ND566,
33852,ND566,
33853,ND566,
33854,ND566,
33855,ND566,
33856,ND566,
33857,ND566,
33858,ND566,
33859,ND566,
33866,ND566,
33867,ND566,
33868,ND566,
33869,ND566,
33870,ND566,
33871,ND566,
33872,ND566,
33873,ND566,
33874,ND566,
24479,ND566,
42400,ND566,
29340,ND566,
42667,ND566,
42665,ND566,
42660,ND566,
39097,ND566,
38014,ND566,
38020,ND566,
39580,ND566,
42488,ND566,
42227,ND566,
43189,ND566,
43314,ND566,
42230,ND566,
36674,ND566,
42399,ND566,
42240,ND566,
42491,ND566,
33426,ND566,
33686,ND566,
43247,ND566,
45015,ND566,
33695,ND566,
33696,ND566,
48841,ND566,
42233,ND566,
24465,ND566,
24463,ND566,
24461,ND566,
24459,ND566,
29329,ND566,
49340,ND566,
49341,ND566,
47719,ND566,
47720,ND566,
43296,ND566,
43292,ND566,
43300,ND566,
43304,ND566,
1327,ND566,
1328,ND566,
50261,ND567,
48831,ND567,
48832,ND567,
48833,ND567,
48836,ND567,
48835,ND567,
48834,ND567,
46141,ND567,
46147,ND567,
46142,ND567,
46148,ND567,
46149,ND567,
50544,ND567,
50546,ND567,
50542,ND567,
50547,ND567,
50549,ND567,
50550,ND567,
50646,ND567,
50650,ND567,
50651,ND567,
50083,ND567,
50075,ND567,
50077,ND567,
50103,ND567,
50149,ND567,
50151,ND567,
11114,ND567,
11115,ND567,
11118,ND567,
11119,ND567,
11122,ND567,
11123,ND567,
11126,ND567,
11127,ND567,
49309,ND567,
49310,ND567,
49311,ND567,
49312,ND567,
49313,ND567,
49314,ND567,
49142,ND567,
49143,ND567,
49308,ND567,
49307,ND567,
49306,ND567,
49305,ND567,
49304,ND567,
49298,ND567,
49129,ND567,
49128,ND567,
42486,ND567,
30764,ND567,
30763,ND567,
30762,ND567,
45013,ND567,
45014,ND567,
45016,ND567,
42487,ND567,
42877,ND567,
42879,ND567,
24425,ND567,
24423,ND567,
50655,ND567,
50656,ND567,
50135,ND567,
50130,ND567,
35310,ND643,
35309,ND643,
17354,ND643,
17366,ND643,
50786,ND643,
41899,ND643,
49134,ND643,
42994,ND643,
43536,ND643,
39666,ND643,
43318,ND643,
45263,ND643,
43187,ND643,
49810,ND643,
42866,ND643,
42948,ND643,
42562,ND643,
42919,ND643,
39726,ND643,
33670,ND643,
46431,ND643,
50063,ND643,
49410,NK009,
49452,NK009,
49404,NK009,
49405,NK009,
49406,NK009,
49407,NK009,
49408,NK009,
26412,NK009,
26394,NK009,
29752,NK009,
29748,NK009,
41068,NK009,
43004,NK009,
36691,NK009,
49803,NK009,
49815,NK009,
49801,NK009,
49781,NK009,
49790,NK009,
39434,NK009,
31480,NK009,
38100,NK009,
49776,NK009,
30282,NK009,
30280,NK009,
30283,NK009,
42741,NK009,
36884,NK009,
37835,NK009,
23930,NK009,
36686,NK009,
46451,NK009,
49402,NK009,
7441,NK009,
49795,NK009,
49769,NK009,
49792,NK009,
49775,NK009,
49773,NK009,
49774,NK009,
49772,NK009,
49780,NK009,
42911,NK009,
42912,NK009,
43588,NK009,
49520,NK009,
49534,NK009,
49558,NK009,
49484,NK009,
49899,NK009,
49898,NK009,
49585,NK009,
49549,NK009,
49512,NK009,
49435,NK009,
49530,NK009,
49557,NK009,
49423,NK009,
49443,NK009,
49511,NK009,
49487,NK009,
49582,NK009,
49519,NK009,
49538,NK009,
49584,NK009,
49508,NK009,
49495,NK009,
49474,NK009,
50007,NK009,
49612,NK009,
49524,NK009,
50006,NK009,
49526,NK009,
50018,NK009,
49518,NK009,
50017,NK009,
49897,NK009,
49436,NK009,
49537,NK009,
49690,NK009,
49529,NK009,
49478,NK009,
49901,NK009,
49506,NK009,
49489,NK009,
50016,NK009,
49546,NK009,
49513,NK009,
49547,NK009,
49543,NK009,
49507,NK009,
49587,NK009,
49475,NK009,
49581,NK009,
49532,NK009,
49588,NK009,
49523,NK009,
49528,NK009,
49689,NK009,
49545,NK009,
49589,NK009,
49559,NK009,
49536,NK009,
49521,NK009,
49502,NK009,
49514,NK009,
49503,NK009,
49517,NK009,
49445,NK009,
49516,NK009,
49479,NK009,
49539,NK009,
49590,NK009,
49472,NK009,
49535,NK009,
49544,NK009,
49602,NK009,
49533,NK009,
49446,NK009,
43660,NK009,
44358,NK009,
44357,NK009,
44359,NK009,
43937,NK009,
43999,NK009,
43935,NK009,
43992,NK009,
43929,NK009,
44676,NK009,
49009,NK009,
49010,NK009,
7484,NK009,
39416,NK009,
50647,NK009,
49361,NK009,
7439,NK009,
7358,NK009,
7279,NK009,
7338,NK009,
7334,NK009,
7336,NK009,
45305,NK009,
50507,NK009,
50300,NK009,
50444,NK009,
50443,NK009,
47694,NK009,
47660,NK009,
49124,NK111,
49124,NK111,
49113,NK111,
49116,NK111,
49108,NK111,
49107,NK111,
49109,NK111,
49120,NK111,
49120,NK111,
50051,NK111,
50051,NK111,
50052,NK111,
50052,NK111,
50053,NK111,
50053,NK111,
49122,NK111,
49122,NK111,
50119,NK111,
50119,NK111,
50118,NK111,
50118,NK111,
50079,NK111,
50079,NK111,
50078,NK111,
50078,NK111,
48073,NK111,
48051,NK111,
48078,NK111,
48074,NK111,
35490,NK111,
20633,NK111,
35183,NK111,
26298,NK111,
36823,NK111,
36773,NK111,
40347,NK111,
41714,NK111,
48435,NK232,
48394,NK232,
49339,NK232,
28411,NK232,
49968,NK232,
42477,NK232,
50586,NK232,
50616,NK232,
50606,NK232,
50541,NK232,
50514,NK232,
50534,NK232,
50537,NK232,
28168,NK232,
42546,NK232,
25409,NK232,
25415,NK232,
25419,NK232,
25391,NK232,
25393,NK232,
25397,NK232,
25399,NK232,
25421,NK232,
25659,NK232,
25657,NK232,
25655,NK232,
25847,NK232,
25911,NK232,
25922,NK232,
25924,NK232,
26414,NK232,
39660,NK232,
39663,NK232,
39592,NK232,
39590,NK232,
39588,NK232,
39655,NK232,
39656,NK232,
39657,NK232,
39661,NK232,
39659,NK232,
39650,NK232,
39648,NK232,
39645,NK232,
39646,NK232,
39647,NK232,
39644,NK232,
39611,NK232,
39651,NK232,
39664,NK232,
39642,NK232,
39653,NK232,
30234,NK232,
30235,NK232,
30233,NK232,
30108,NK232,
30214,NK232,
30216,NK232,
30215,NK232,
30202,NK232,
29045,NK232,
30201,NK232,
30177,NK232,
30176,NK232,
30132,NK232,
30133,NK232,
30156,NK232,
30082,NK232,
30062,NK232,
30083,NK232,
30084,NK232,
30065,NK232,
30066,NK232,
30067,NK232,
30068,NK232,
30074,NK232,
30075,NK232,
30091,NK232,
30352,NK232,
30353,NK232,
31040,NK232,
31039,NK232,
30400,NK232,
30401,NK232,
30402,NK232,
30565,NK232,
30421,NK232,
30422,NK232,
30423,NK232,
30696,NK232,
30415,NK232,
30416,NK232,
30417,NK232,
30419,NK232,
30418,NK232,
30514,NK232,
30512,NK232,
39643,NK232,
39654,NK232,
32019,NK232,
32022,NK232,
33246,NK232,
31941,NK232,
31940,NK232,
33247,NK232,
33248,NK232,
33264,NK232,
33265,NK232,
33298,NK232,
33316,NK232,
33315,NK232,
33266,NK232,
33318,NK232,
33415,NK232,
33262,NK232,
33263,NK232,
33204,NK232,
33216,NK232,
33217,NK232,
33196,NK232,
33197,NK232,
33355,NK232,
33219,NK232,
33218,NK232,
33583,NK232,
33281,NK232,
33396,NK232,
33561,NK232,
30011,NK232,
30016,NK232,
30012,NK232,
30027,NK232,
33756,NK232,
36880,NK232,
36881,NK232,
36822,NK232,
36878,NK232,
36719,NK232,
37015,NK232,
37016,NK232,
37017,NK232,
37026,NK232,
37019,NK232,
37021,NK232,
37013,NK232,
37154,NK232,
37153,NK232,
37165,NK232,
37164,NK232,
37151,NK232,
37010,NK232,
37087,NK232,
37089,NK232,
37090,NK232,
37042,NK232,
37423,NK232,
37717,NK232,
37656,NK232,
37720,NK232,
37721,NK232,
37647,NK232,
37646,NK232,
37648,NK232,
37642,NK232,
37658,NK232,
37639,NK232,
33658,NK232,
33660,NK232,
33664,NK232,
35304,NK232,
33783,NK232,
33754,NK232,
33755,NK232,
37730,NK232,
37790,NK232,
46466,NK232,
46468,NK232,
46454,NK232,
46459,NK232,
46460,NK232,
46462,NK232,
46463,NK232,
46470,NK232,
46457,NK232,
46465,NK232,
46453,NK232,
32504,NK232,
26773,NK232,
32505,NK232,
32283,NK232,
40922,NK232,
32396,NK232,
33777,NK232,
33776,NK232,
35316,NK232,
35314,NK232,
34078,NK232,
35326,NK232,
35325,NK232,
33779,NK232,
35387,NK232,
35388,NK232,
33778,NK232,
35324,NK232,
37574,NK232,
37573,NK232,
37726,NK232,
37724,NK232,
37608,NK232,
37577,NK232,
37575,NK232,
37818,NK232,
37657,NK232,
28216,NK232,
28218,NK232,
28222,NK232,
28226,NK232,
28228,NK232,
28230,NK232,
28234,NK232,
46461,NK232,
28236,NK232,
28238,NK232,
29309,NK232,
29307,NK232,
29303,NK232,
29305,NK232,
28256,NK232,
28240,NK232,
35288,NK232,
33142,NK232,
33143,NK232,
44836,NK232,
44841,NK232,
44832,NK232,
44837,NK232,
44839,NK232,
44835,NK232,
44834,NK232,
44831,NK232,
47620,NK232,
44882,NK232,
44886,NK232,
44890,NK232,
39662,NK232,
39593,NK232,
39591,NK232,
39641,NK232,
39615,NK232,
39614,NK232,
39612,NK232,
39613,NK232,
39652,NK232,
39747,NK232,
39746,NK232,
39743,NK232,
40364,NK232,
40362,NK232,
40363,NK232,
49889,NK232,
44828,NK232,
28242,NK232,
49894,NK232,
46337,NK232,
49882,NK232,
49578,NK232,
49583,NK232,
49844,NK232,
49753,NK232,
49870,NK232,
49594,NK232,
49595,NK232,
49876,NK232,
49867,NK232,
49864,NK232,
49869,NK232,
50304,NK232,
42414,NK232,
37596,NK232,
37817,NK232,
43236,NK232,
37719,NK232,
49865,NK232,
44881,NK232,
45332,NK232,
49555,NK232,
31692,NK232,
31771,NK232,
39740,NK232,
39396,NK232,
43080,NK232,
41918,NK232,
43201,NK232,
43233,NK232,
43230,NK232,
43196,NK232,
43231,NK232,
43199,NK232,
43194,NK232,
43197,NK232,
43198,NK232,
43232,NK232,
43528,NK232,
43527,NK232,
43533,NK232,
43511,NK232,
43512,NK232,
43524,NK232,
43525,NK232,
43529,NK232,
43530,NK232,
43531,NK232,
43517,NK232,
43515,NK232,
43516,NK232,
43535,NK232,
44600,NK232,
41096,NK232,
41366,NK232,
40679,NK232,
44638,NK232,
44874,NK232,
45082,NK232,
42984,NK232,
39794,NK232,
41914,NK232,
39879,NK232,
41911,NK232,
39994,NK232,
39974,NK232,
43583,NK232,
43584,NK232,
44007,NK232,
39897,NK232,
44875,NK232,
44877,NK232,
44878,NK232,
44879,NK232,
44880,NK232,
39854,NK232,
39855,NK232,
39801,NK232,
39802,NK232,
43521,NK232,
43520,NK232,
41913,NK232,
43519,NK232,
43522,NK232,
43523,NK232,
37416,NK232,
37420,NK232,
37422,NK232,
37640,NK232,
37624,NK232,
37618,NK232,
37638,NK232,
37623,NK232,
39377,NK232,
37626,NK232,
43179,NK232,
43170,NK232,
43171,NK232,
43172,NK232,
43173,NK232,
43169,NK232,
43166,NK232,
43180,NK232,
43181,NK232,
43182,NK232,
43160,NK232,
43161,NK232,
43163,NK232,
43168,NK232,
43165,NK232,
43167,NK232,
43174,NK232,
43175,NK232,
43164,NK232,
43162,NK232,
43176,NK232,
43177,NK232,
49754,NK232,
45095,NK232,
45290,NK232,
45291,NK232,
45292,NK232,
45287,NK232,
45254,NK232,
45103,NK232,
45093,NK232,
45286,NK232,
45094,NK232,
50073,NK232,
45088,NK232,
49913,NK232,
49907,NK232,
49906,NK232,
49905,NK232,
49908,NK232,
36695,NK232,
50283,NK232,
50290,NK232,
50285,NK232,
39390,NK232,
39391,NK232,
39392,NK232,
39393,NK232,
39394,NK232,
39973,NK232,
39976,NK232,
39982,NK232,
39983,NK232,
39981,NK232,
50287,NK232,
49858,NK232,
49852,NK232,
49877,NK232,
41646,NK232,
41647,NK232,
49890,NK232,
49840,NK232,
37635,NK232,
37635,NK232,
37636,NK232,
37636,NK232,
37645,NK232,
37645,NK232,
37627,NK232,
37627,NK232,
37629,NK232,
37629,NK232,
37628,NK232,
37628,NK232,
36845,NK232,
36846,NK232,
36716,NK232,
36715,NK232,
36720,NK232,
36718,NK232,
36848,NK232,
36717,NK232,
42720,NK232,
42733,NK232,
42731,NK232,
42755,NK232,
42726,NK232,
42757,NK232,
42756,NK232,
42723,NK232,
43079,NK232,
42744,NK232,
42721,NK232,
42722,NK232,
42727,NK232,
42730,NK232,
42750,NK232,
42715,NK232,
42748,NK232,
42717,NK232,
43537,NK232,
44833,NK232,
39757,NK232,
39756,NK232,
39754,NK232,
39755,NK232,
39865,NK232,
39820,NK232,
39863,NK232,
39862,NK232,
39759,NK232,
39991,NK232,
43076,NK232,
43074,NK232,
43075,NK232,
43073,NK232,
43095,NK232,
43071,NK232,
43072,NK232,
43078,NK232,
39979,NK232,
39995,NK232,
39772,NK232,
39818,NK232,
39805,NK232,
39814,NK232,
39987,NK232,
39988,NK232,
44830,NK232,
44884,NK232,
36696,NK232,
39799,NK232,
39800,NK232,
40354,NK232,
47313,NK232,
50718,NK232,
50715,NK232,
44013,NK232,
43581,NK232,
43719,NK232,
43725,NK232,
46280,NK232,
44939,NK232,
44940,NK232,
44928,NK232,
44927,NK232,
44929,NK232,
44942,NK232,
44938,NK232,
44935,NK232,
44921,NK232,
44936,NK232,
44934,NK232,
44937,NK232,
44930,NK232,
39872,NK232,
39873,NK232,
39874,NK232,
39875,NK232,
39870,NK232,
39869,NK232,
39868,NK232,
39972,NK232,
39785,NK232,
39803,NK232,
39804,NK232,
39784,NK232,
39752,NK232,
44639,NK232,
39750,NK232,
39749,NK232,
39867,NK232,
39866,NK232,
41623,NK232,
43132,NK232,
43130,NK232,
33256,NK232,
43131,NK232,
42178,NK232,
42179,NK232,
49888,NK232,
49893,NK232,
50783,NK232,
50784,NK232,
45073,NK232,
45071,NK232,
45069,NK232,
45087,NK232,
39871,NK232,
40919,NK232,
44858,NK232,
45083,NK232,
45081,NK232,
44876,NK232,
45091,NK232,
39819,NK232,
41359,NK232,
40022,NK232,
44585,NK232,
46747,NK232,
46745,NK232,
41917,NK232,
41916,NK232,
39968,NK232,
41365,NK232,
39966,NK232,
31518,NK232,
31613,NK232,
31612,NK232,
31526,NK232,
31528,NK232,
31503,NK232,
31942,NK232,
31527,NK232,
43532,NK232,
43029,NK232,
43048,NK232,
43020,NK232,
43021,NK232,
43021,NK232,
44950,NK232,
44950,NK232,
44949,NK232,
44949,NK232,
43028,NK232,
43031,NK232,
43030,NK232,
43027,NK232,
43026,NK232,
43033,NK232,
43054,NK232,
43108,NK232,
43040,NK232,
43109,NK232,
43045,NK232,
43139,NK232,
43514,NK232,
43518,NK232,
45268,NK232,
43144,NK232,
50072,NK232,
50072,NK232,
44862,NK232,
44864,NK232,
40359,NK232,
40357,NK232,
40365,NK232,
40361,NK232,
43148,NK232,
43146,NK232,
43140,NK232,
43142,NK232,
43143,NK232,
43141,NK232,
43145,NK232,
43147,NK232,
37651,NK232,
37571,NK232,
37570,NK232,
37569,NK232,
37775,NK232,
37778,NK232,
37780,NK232,
37777,NK232,
37779,NK232,
37772,NK232,
37773,NK232,
37770,NK232,
37771,NK232,
37792,NK232,
37791,NK232,
37774,NK232,
37905,NK232,
41650,NK232,
41657,NK232,
45085,NK232,
45084,NK232,
45089,NK232,
45086,NK232,
43200,NK232,
44391,NK232,
44404,NK232,
44378,NK232,
44390,NK232,
44393,NK232,
44394,NK232,
44436,NK232,
44432,NK232,
44399,NK232,
44399,NK232,
44398,NK232,
44398,NK232,
44400,NK232,
44400,NK232,
44405,NK232,
44406,NK232,
44406,NK232,
44407,NK232,
44407,NK232,
44434,NK232,
44434,NK232,
44435,NK232,
44435,NK232,
44402,NK232,
44403,NK232,
44401,NK232,
42419,NK232,
46328,NK232,
46341,NK232,
46340,NK232,
44891,NK232,
44926,NK232,
44898,NK232,
44897,NK232,
44903,NK232,
44902,NK232,
44892,NK232,
44893,NK232,
44894,NK232,
39376,NK232,
41070,NK232,
41069,NK232,
40966,NK232,
40680,NK232,
40902,NK232,
40678,NK232,
41092,NK232,
49703,NK232,
49702,NK232,
43122,NK232,
43123,NK232,
43023,NK232,
43023,NK232,
43024,NK232,
43024,NK232,
43025,NK232,
43025,NK232,
44373,NK232,
44374,NK232,
43991,NK232,
36356,NK232,
36371,NK232,
36582,NK232,
36583,NK232,
39928,NK232,
39927,NK232,
39926,NK232,
45090,NK232,
39765,NK232,
41658,NK232,
39992,NK232,
39977,NK232,
39993,NK232,
39970,NK232,
39975,NK232,
39990,NK232,
39989,NK232,
41627,NK232,
36264,NK232,
36265,NK232,
36370,NK232,
36368,NK232,
36353,NK232,
37614,NK232,
37614,NK232,
37615,NK232,
37615,NK232,
37616,NK232,
37616,NK232,
37631,NK232,
37631,NK232,
37632,NK232,
37632,NK232,
37633,NK232,
37633,NK232,
37634,NK232,
37634,NK232,
37644,NK232,
37644,NK232,
37643,NK232,
37643,NK232,
41086,NK232,
41087,NK232,
41088,NK232,
41089,NK232,
41090,NK232,
41091,NK232,
42285,NK232,
42287,NK232,
42286,NK232,
42284,NK232,
42283,NK232,
42281,NK232,
42280,NK232,
42279,NK232,
42298,NK232,
42299,NK232,
42398,NK232,
42292,NK232,
42293,NK232,
42294,NK232,
42295,NK232,
42277,NK232,
42275,NK232,
39985,NK232,
39980,NK232,
39971,NK232,
39883,NK232,
39880,NK232,
39882,NK232,
39881,NK232,
39964,NK232,
40355,NK232,
40367,NK232,
40380,NK232,
40369,NK232,
40372,NK232,
40356,NK232,
40358,NK232,
40360,NK232,
40373,NK232,
40379,NK232,
40378,NK232,
40374,NK232,
41915,NK232,
41313,NK232,
40673,NK232,
40020,NK232,
39764,NK232,
41653,NK232,
40691,NK232,
40820,NK232,
39544,NK232,
39538,NK232,
39537,NK232,
39539,NK232,
39578,NK232,
39573,NK232,
39576,NK232,
39574,NK232,
39557,NK232,
39575,NK232,
39798,NK232,
39797,NK232,
40909,NK232,
40869,NK232,
40864,NK232,
40878,NK232,
40879,NK232,
39741,NK232,
49140,NK232,
49136,NK232,
49274,NK232,
49275,NK232,
49372,NK232,
49373,NK232,
41077,NK232,
49374,NK232,
49709,NK232,
49365,NK232,
49367,NK232,
49368,NK232,
40349,NK232,
40353,NK232,
42297,NK232,
43126,NK232,
43129,NK232,
43114,NK232,
43117,NK232,
43118,NK232,
43120,NK232,
43119,NK232,
43110,NK232,
43111,NK232,
43125,NK232,
43127,NK232,
43124,NK232,
43128,NK232,
43121,NK232,
39876,NK232,
39821,NK232,
49871,NK232,
44073,NK232,
44072,NK232,
44071,NK232,
44204,NK232,
44205,NK232,
44206,NK232,
44871,NK232,
44868,NK232,
44867,NK232,
48387,NK232,
44855,NK232,
44853,NK232,
44857,NK232,
44848,NK232,
44856,NK232,
43582,NK232,
44059,NK232,
44058,NK232,
44345,NK232,
44346,NK232,
44411,NK232,
39370,NK232,
39372,NK232,
39364,NK232,
39363,NK232,
39016,NK232,
39021,NK232,
39023,NK232,
39017,NK232,
39019,NK232,
44395,NK232,
44396,NK232,
40722,NK232,
40855,NK232,
40862,NK232,
40865,NK232,
40856,NK232,
44873,NK232,
44410,NK232,
39969,NK232,
39744,NK232,
44397,NK232,
44413,NK232,
39793,NK232,
44409,NK232,
39760,NK232,
39761,NK232,
39762,NK232,
39763,NK232,
39430,NK232,
38615,NK232,
38616,NK232,
49680,NK232,
50284,NK232,
49413,NK232,
49414,NK232,
49412,NK232,
49411,NK232,
49415,NK232,
49416,NK232,
49418,NK232,
49839,NK232,
49880,NK232,
49618,NK232,
49617,NK232,
49619,NK232,
49665,NK232,
49653,NK232,
49632,NK232,
49631,NK232,
49681,NK232,
49741,NK232,
49684,NK232,
49683,NK232,
49685,NK232,
49686,NK232,
49687,NK232,
49616,NK232,
49847,NK232,
49688,NK232,
50280,NK232,
50254,NK232,
50297,NK232,
32606,NK232,
32605,NK232,
32607,NK232,
32794,NK232,
32793,NK232,
49760,NK232,
49596,NK232,
49697,NK232,
49696,NK232,
49698,NK232,
49735,NK232,
49751,NK232,
49694,NK232,
49692,NK232,
49743,NK232,
49742,NK232,
49605,NK232,
49604,NK232,
49606,NK232,
49608,NK232,
49610,NK232,
49613,NK232,
49799,NK232,
49798,NK232,
49812,NK232,
49695,NK232,
49813,NK232,
49763,NK232,
49841,NK232,
49802,NK232,
49800,NK232,
49805,NK232,
49744,NK232,
49737,NK232,
49739,NK232,
49738,NK232,
49804,NK232,
49806,NK232,
49807,NK232,
49809,NK232,
50286,NK232,
50282,NK232,
50278,NK232,
50262,NK232,
50505,NK232,
50506,NK232,
50258,NK232,
50281,NK232,
50292,NK232,
50293,NK232,
49863,NK232,
49755,NK232,
49759,NK232,
49842,NK232,
49598,NK232,
49849,NK232,
49817,NK232,
49853,NK232,
49850,NK232,
49693,NK232,
49601,NK232,
49845,NK232,
49752,NK232,
49747,NK232,
49872,NK232,
49866,NK232,
49881,NK232,
49593,NK232,
49591,NK232,
49679,NK232,
37263,NK232,
49706,NK232,
37178,NK232,
37179,NK232,
37006,NK232,
37007,NK232,
36978,NK232,
36979,NK232,
44846,NK232,
44847,NK232,
37023,NK232,
37024,NK232,
37039,NK232,
37040,NK232,
37014,NK232,
36976,NK232,
48726,NK232,